Site,Install_year,type,year,biomass,flats_mean,years_since_install,time_since_intervention,installation_year,PostInstall,YearSinceInstall,resid
Plantation Creek Site,2010,Oyster Reef,1984,415.5691833,0.3794103605406624,-26,0,2010,0,0,-157.6121030118755
Florida Passage Site,2012,Oyster Reef,1984,546.7875977,0.75210040807724,-28,0,2012,0,0,-56.665982715155565
Oatland Site,2014,Oyster Reef,1984,454.8489075,0.23914049979713228,-30,0,2014,0,0,-45.02086464664211
Jekyll Island Boat Ramp Site,2009,Oyster Reef,1984,426.0000305,0.8805261585447524,-25,0,2009,0,0,-76.927027192112
Oyster Creek Site B,2013,Oyster Reef,1984,239.0602264,0.7455114807401385,-29,0,2013,0,0,-84.03246549788432
Jointer Creek Oyster Reef A,2012,Oyster Reef,1984,280.4190674,0.7536051422357559,-28,0,2012,0,0,-75.08940090094609
Jointer Creek Oyster Reef B,2012,Oyster Reef,1984,289.9235229,0.7772887945175171,-28,0,2012,0,0,-73.81725581424212
Jointer Creek Oyster Reef C,2012,Oyster Reef,1984,324.1022034,0.9302453200022379,-28,0,2012,0,0,-44.359191711684616
Jointer Creek Oyster Reef D,2012,Oyster Reef,1984,389.0090942,0.39779676869511604,-28,0,2012,0,0,-103.11109948370421
Turtle A,2014,Oyster Reef,1984,673.8467407,0.4536120941241582,-30,0,2014,0,0,-195.49391337202587
Turtle B,2014,Oyster Reef,1984,327.8730164,0.3956202529370785,-30,0,2014,0,0,-103.00620945625104
Turtle C,2014,Oyster Reef,1984,619.6674805,0.7123857055391584,-30,0,2014,0,0,-103.58274927105549
Turtle D,2014,Oyster Reef,1984,420.4493103,0.33737516616071966,-30,0,2014,0,0,-79.84263161692036
Turtle E,2014,Oyster Reef,1984,354.0361938,0.4637099727988243,-30,0,2014,0,0,-43.702242739463486
Bellville Boat Ramp Site,2008,Oyster Reef,1984,832.5755615,0.5481042762597402,-24,0,2008,0,0,-92.33296875091924
Plantation Creek Site,2010,Oyster Reef,1985,596.6967163,0.33752324245870113,-25,0,2010,0,0,25.71414380416752
Florida Passage Site,2012,Oyster Reef,1985,628.0081177,0.8602088491121928,-27,0,2012,0,0,26.753251100887383
Oatland Site,2014,Oyster Reef,1985,431.6841736,0.33970142528414726,-29,0,2014,0,0,-65.98688473059912
Jekyll Island Boat Ramp Site,2009,Oyster Reef,1985,584.0574951,0.899851211479732,-24,0,2009,0,0,83.32915122393098
Oyster Creek Site B,2013,Oyster Reef,1985,372.6588135,0.7768438696861267,-28,0,2013,0,0,51.76483541815867
Jointer Creek Oyster Reef A,2012,Oyster Reef,1985,399.076416,0.8147927863257272,-27,0,2012,0,0,45.76666151509687
Jointer Creek Oyster Reef B,2012,Oyster Reef,1985,397.9461975,0.829079304422651,-27,0,2012,0,0,36.404132601800825
Jointer Creek Oyster Reef C,2012,Oyster Reef,1985,431.1207581,0.9457068592309952,-27,0,2012,0,0,64.85807680435835
Jointer Creek Oyster Reef D,2012,Oyster Reef,1985,544.7050171,0.5909517258405685,-27,0,2012,0,0,54.783537232338745
Turtle A,2014,Oyster Reef,1985,974.2473755,0.5007299967110157,-29,0,2014,0,0,107.10543524401703
Turtle B,2014,Oyster Reef,1985,428.2303467,0.3458970785140991,-29,0,2014,0,0,-0.4501653402080592
Turtle C,2014,Oyster Reef,1985,939.7070313,0.6733470559120178,-29,0,2014,0,0,218.65551534498752
Turtle D,2014,Oyster Reef,1985,524.1133423,0.3691754067937533,-29,0,2014,0,0,26.020114199122645
Turtle E,2014,Oyster Reef,1985,451.9915466,0.4754449360900455,-29,0,2014,0,0,56.45182387657951
Bellville Boat Ramp Site,2008,Oyster Reef,1985,1029.989502,0.525276843044493,-23,0,2008,0,0,107.2796855651236
Plantation Creek Site,2010,Oyster Reef,1986,424.1602478,0.3949766308069229,-24,0,2010,0,0,-144.62361087978866
Florida Passage Site,2012,Oyster Reef,1986,713.2334595,0.850233460466067,-26,0,2012,0,0,114.1773067169313
Oatland Site,2014,Oyster Reef,1986,551.1766357,0.30857665985822674,-28,0,2014,0,0,55.70429118544479
Jekyll Island Boat Ramp Site,2009,Oyster Reef,1986,406.8314209,0.8745405872662863,-23,0,2009,0,0,-91.6982091600251
Oyster Creek Site B,2013,Oyster Reef,1986,358.2865906,0.762279976497997,-27,0,2013,0,0,39.59132633420256
Jointer Creek Oyster Reef A,2012,Oyster Reef,1986,300.4926758,0.8156594634056091,-26,0,2012,0,0,-50.61836486885926
Jointer Creek Oyster Reef B,2012,Oyster Reef,1986,302.6686707,0.8160249292850494,-26,0,2012,0,0,-56.67468038215526
Jointer Creek Oyster Reef C,2012,Oyster Reef,1986,335.5108948,0.9274038622776667,-26,0,2012,0,0,-28.553072679597733
Jointer Creek Oyster Reef D,2012,Oyster Reef,1986,405.7972107,0.5450953965385755,-26,0,2012,0,0,-81.92555535161733
Turtle A,2014,Oyster Reef,1986,729.6066284,0.5130677074193954,-28,0,2014,0,0,-135.33659803993908
Turtle B,2014,Oyster Reef,1986,348.2794189,0.46173249185085297,-28,0,2014,0,0,-78.20237932416416
Turtle C,2014,Oyster Reef,1986,564.5061646,0.7306932359933853,-28,0,2014,0,0,-154.3466375389686
Turtle D,2014,Oyster Reef,1986,411.3666687,0.428204412261645,-28,0,2014,0,0,-84.52784558483347
Turtle E,2014,Oyster Reef,1986,328.8537292,0.55020093669494,-28,0,2014,0,0,-64.48727970737662
Bellville Boat Ramp Site,2008,Oyster Reef,1986,823.9146729,0.5514697382847468,-22,0,2008,0,0,-96.59642971883238
Plantation Creek Site,2010,Oyster Reef,1987,444.7601013,0.366826918721199,-23,0,2010,0,0,-121.82504356374568
Florida Passage Site,2012,Oyster Reef,1987,566.3395386,0.8454902410507202,-25,0,2012,0,0,-30.51790036702573
Oatland Site,2014,Oyster Reef,1987,462.3597107,0.27708180323243137,-27,0,2014,0,0,-30.913919998512256
Jekyll Island Boat Ramp Site,2009,Oyster Reef,1987,387.4683533,0.88195298910141,-22,0,2009,0,0,-108.86256294398214
Oyster Creek Site B,2013,Oyster Reef,1987,291.5629578,0.7781831290986803,-26,0,2013,0,0,-24.933592649754473
Jointer Creek Oyster Reef A,2012,Oyster Reef,1987,347.0911255,0.7955853740374247,-25,0,2012,0,0,-1.8212013528162743
Jointer Creek Oyster Reef B,2012,Oyster Reef,1987,360.0086365,0.7842035293579102,-25,0,2012,0,0,2.863999233887739
Jointer Creek Oyster Reef C,2012,Oyster Reef,1987,355.1801758,0.9195984423160553,-25,0,2012,0,0,-6.685077863554795
Jointer Creek Oyster Reef D,2012,Oyster Reef,1987,418.0065918,0.39503725279461255,-25,0,2012,0,0,-67.51746043557432
Turtle A,2014,Oyster Reef,1987,701.8984375,0.49413763934915717,-27,0,2014,0,0,-160.84607512389607
Turtle B,2014,Oyster Reef,1987,396.5918579,0.4428370773792267,-27,0,2014,0,0,-27.69122650812119
Turtle C,2014,Oyster Reef,1987,638.6967163,0.7235624392827352,-27,0,2014,0,0,-77.9573720229256
Turtle D,2014,Oyster Reef,1987,472.5120544,0.36832281649112697,-27,0,2014,0,0,-21.18374606879047
Turtle E,2014,Oyster Reef,1987,373.3226929,0.4901806652545929,-27,0,2014,0,0,-17.819602191333615
Bellville Boat Ramp Site,2008,Oyster Reef,1987,810.8752441,0.5380512584339489,-21,0,2008,0,0,-107.4371447027894
Plantation Creek Site,2010,Oyster Reef,1988,454.6669006,0.3426711022853851,-22,0,2010,0,0,-109.71953044770265
Florida Passage Site,2012,Oyster Reef,1988,714.5567627,0.8257724046707153,-24,0,2012,0,0,119.89803754901732
Oatland Site,2014,Oyster Reef,1988,528.9411621,0.2676876053214073,-26,0,2014,0,0,37.866245217530775
Jekyll Island Boat Ramp Site,2009,Oyster Reef,1988,468.236969,0.914781908194224,-21,0,2009,0,0,-25.89523342793916
Oyster Creek Site B,2013,Oyster Reef,1988,369.7515564,0.7152518289429801,-25,0,2013,0,0,55.45371976628854
Jointer Creek Oyster Reef A,2012,Oyster Reef,1988,369.0821838,0.7767687737941742,-24,0,2012,0,0,22.368570763226728
Jointer Creek Oyster Reef B,2012,Oyster Reef,1988,337.5795898,0.7394308567047119,-24,0,2012,0,0,-17.366333650069294
Jointer Creek Oyster Reef C,2012,Oyster Reef,1988,337.8548584,0.9059972107410431,-24,0,2012,0,0,-21.811681447511774
Jointer Creek Oyster Reef D,2012,Oyster Reef,1988,403.2803955,0.3859945401549339,-24,0,2012,0,0,-80.04494291953137
Turtle A,2014,Oyster Reef,1988,736.5812988,0.5003309905529022,-26,0,2014,0,0,-123.96450000785308
Turtle B,2014,Oyster Reef,1988,467.89328,0.3893473879857497,-26,0,2014,0,0,45.80890940792182
Turtle C,2014,Oyster Reef,1988,780.2213745,0.7128835558891297,-26,0,2014,0,0,65.76599999311736
Turtle D,2014,Oyster Reef,1988,525.6679077,0.36875677650625055,-26,0,2014,0,0,34.1708210472525
Turtle E,2014,Oyster Reef,1988,320.4781799,0.5134584099054337,-26,0,2014,0,0,-68.46540137529064
Bellville Boat Ramp Site,2008,Oyster Reef,1988,1027.419189,0.5364086682146246,-20,0,2008,0,0,111.30551401325351
Plantation Creek Site,2010,Oyster Reef,1989,633.7443237,0.35905874859202985,-21,0,2010,0,0,71.55660646834122
Florida Passage Site,2012,Oyster Reef,1989,735.7875366,0.8004578785462813,-23,0,2012,0,0,143.32752526506113
Oatland Site,2014,Oyster Reef,1989,523.3167725,0.24963602220470252,-25,0,2014,0,0,34.44056943357458
Jekyll Island Boat Ramp Site,2009,Oyster Reef,1989,562.72229,0.8807786865667864,-20,0,2009,0,0,70.78880138810479
Oyster Creek Site B,2013,Oyster Reef,1989,366.1830444,0.7604917221599155,-24,0,2013,0,0,54.08392158233244
Jointer Creek Oyster Reef A,2012,Oyster Reef,1989,375.2559204,0.7691365913911299,-23,0,2012,0,0,30.741021179270604
Jointer Creek Oyster Reef B,2012,Oyster Reef,1989,381.6478271,0.8225098848342896,-23,0,2012,0,0,28.900617465974562
Jointer Creek Oyster Reef C,2012,Oyster Reef,1989,380.1149902,0.9213873093778436,-23,0,2012,0,0,22.64716416853213
Jointer Creek Oyster Reef D,2012,Oyster Reef,1989,508.5788879,0.46544325622645294,-23,0,2012,0,0,27.452263296512513
Turtle A,2014,Oyster Reef,1989,883.0161133,0.4837210097096183,-25,0,2014,0,0,24.669028308190832
Turtle B,2014,Oyster Reef,1989,453.4178772,0.37626197798685596,-25,0,2014,0,0,33.532220423965725
Turtle C,2014,Oyster Reef,1989,812.3896484,0.6964803278446198,-25,0,2014,0,0,100.13298770916128
Turtle D,2014,Oyster Reef,1989,555.3731689,0.37683313136751,-25,0,2014,0,0,66.07479606329639
Turtle E,2014,Oyster Reef,1989,445.8544006,0.5417593419551849,-25,0,2014,0,0,59.109533140753285
Bellville Boat Ramp Site,2008,Oyster Reef,1989,1022.601196,0.5208190842108293,-19,0,2008,0,0,108.6862348292974
Plantation Creek Site,2010,Oyster Reef,1990,417.8236389,0.39589506983757017,-20,0,2010,0,0,-142.1653645156158
Florida Passage Site,2012,Oyster Reef,1990,455.015625,0.8319255643420749,-22,0,2012,0,0,-135.24567251889584
Oatland Site,2014,Oyster Reef,1990,415.1896973,0.3201083224266767,-24,0,2014,0,0,-71.48779195038242
Jekyll Island Boat Ramp Site,2009,Oyster Reef,1990,351.4916992,0.8548305895593431,-19,0,2009,0,0,-138.24307559585225
Oyster Creek Site B,2013,Oyster Reef,1990,257.2732239,0.8140254020690918,-23,0,2013,0,0,-52.627185101624605
Jointer Creek Oyster Reef A,2012,Oyster Reef,1990,254.4259949,0.8465133786201477,-22,0,2012,0,0,-87.89019050468639
Jointer Creek Oyster Reef B,2012,Oyster Reef,1990,303.1596069,0.8521333754062652,-22,0,2012,0,0,-47.3888889179824
Jointer Creek Oyster Reef C,2012,Oyster Reef,1990,311.3362732,0.9616178452968598,-22,0,2012,0,0,-43.93283901542492
Jointer Creek Oyster Reef D,2012,Oyster Reef,1990,364.962738,0.525963419675827,-22,0,2012,0,0,-113.96517278744449
Turtle A,2014,Oyster Reef,1990,668.6830444,0.5048152893781662,-24,0,2014,0,0,-187.46532677576624
Turtle B,2014,Oyster Reef,1990,338.1809998,0.4016316682100296,-24,0,2014,0,0,-79.50594315999132
Turtle C,2014,Oyster Reef,1990,647.7753296,0.7127181622717116,-24,0,2014,0,0,-62.282617274795825
Turtle D,2014,Oyster Reef,1990,385.4191895,0.37925841659307474,-24,0,2014,0,0,-101.68046952066061
Turtle E,2014,Oyster Reef,1990,313.2321777,0.5493727326393127,-24,0,2014,0,0,-71.31397594320373
Bellville Boat Ramp Site,2008,Oyster Reef,1990,813.3726807,0.5847809821367264,-18,0,2008,0,0,-98.34356665465953
Plantation Creek Site,2010,Oyster Reef,1991,1066.459595,0.3246073966676538,-19,0,2010,0,0,508.6693054004272
Florida Passage Site,2012,Oyster Reef,1991,929.5487671,0.8259585120461204,-21,0,2012,0,0,341.4861833971471
Oatland Site,2014,Oyster Reef,1991,525.0217285,0.241716306656599,-23,0,2014,0,0,40.54295306566058
Jekyll Island Boat Ramp Site,2009,Oyster Reef,1991,448.1933289,0.7865609093145891,-18,0,2009,0,0,-39.34273207980931
Oyster Creek Site B,2013,Oyster Reef,1991,338.1025085,0.7820819881227281,-22,0,2013,0,0,30.40081331441837
Jointer Creek Oyster Reef A,2012,Oyster Reef,1991,318.63797,0.7615220546722412,-21,0,2012,0,0,-21.479501588643416
Jointer Creek Oyster Reef B,2012,Oyster Reef,1991,355.5481873,0.766708103093234,-21,0,2012,0,0,7.19840529806055
Jointer Creek Oyster Reef C,2012,Oyster Reef,1991,359.9405212,0.889577941461043,-21,0,2012,0,0,6.870122800618049
Jointer Creek Oyster Reef D,2012,Oyster Reef,1991,490.3120728,0.39557938650250435,-21,0,2012,0,0,13.582875828598503
Turtle A,2014,Oyster Reef,1991,1601.361938,0.4383457506244833,-23,0,2014,0,0,747.4122806402768
Turtle B,2014,Oyster Reef,1991,427.9983215,0.40335120125250384,-23,0,2014,0,0,12.510092356051643
Turtle C,2014,Oyster Reef,1991,748.2758789,0.704543801871213,-23,0,2014,0,0,40.416645841247146
Turtle D,2014,Oyster Reef,1991,466.1382751,0.36921077966690063,-23,0,2014,0,0,-18.762670104617655
Turtle E,2014,Oyster Reef,1991,355.9318542,0.5033060068433935,-23,0,2014,0,0,-26.415585627160795
Bellville Boat Ramp Site,2008,Oyster Reef,1991,1122.770752,0.5551652883489927,-17,0,2008,0,0,213.2532184613833
Plantation Creek Site,2010,Oyster Reef,1992,605.1796875,0.4439718186855316,-18,0,2010,0,0,49.588111716471076
Florida Passage Site,2012,Oyster Reef,1992,656.9455566,0.8091106593608857,-20,0,2012,0,0,71.08168671319106
Oatland Site,2014,Oyster Reef,1992,495.2327881,0.2628905392355389,-22,0,2014,0,0,12.952726481704474
Jekyll Island Boat Ramp Site,2009,Oyster Reef,1992,563.2223511,0.8324730071154508,-17,0,2009,0,0,77.88500393623457
Oyster Creek Site B,2013,Oyster Reef,1992,344.1502075,0.8321032268660409,-21,0,2013,0,0,38.647226130462286
Jointer Creek Oyster Reef A,2012,Oyster Reef,1992,365.8925171,0.800924625661638,-20,0,2012,0,0,27.9737593274005
Jointer Creek Oyster Reef B,2012,Oyster Reef,1992,382.3275452,0.8058249023225572,-20,0,2012,0,0,36.17647701410442
Jointer Creek Oyster Reef C,2012,Oyster Reef,1992,371.3945313,0.8737184047698975,-20,0,2012,0,0,20.522846716661945
Jointer Creek Oyster Reef D,2012,Oyster Reef,1992,513.3344727,0.4010487380954954,-20,0,2012,0,0,38.80398954464238
Turtle A,2014,Oyster Reef,1992,948.0881348,0.5216288268566132,-22,0,2014,0,0,96.3371912563207
Turtle B,2014,Oyster Reef,1992,429.8158264,0.45703381597995757,-22,0,2014,0,0,16.526311072095552
Turtle C,2014,Oyster Reef,1992,872.8349609,0.7640159063869052,-22,0,2014,0,0,167.17444165729114
Turtle D,2014,Oyster Reef,1992,517.5519409,0.4567672908306122,-22,0,2014,0,0,34.84970951142623
Turtle E,2014,Oyster Reef,1992,427.8970032,0.5362657189369202,-22,0,2014,0,0,47.748277188883094
Bellville Boat Ramp Site,2008,Oyster Reef,1992,1062.01355,0.5439236760139465,-16,0,2008,0,0,154.6947302774272
Plantation Creek Site,2010,Oyster Reef,1993,428.6383362,0.46219315462642246,-17,0,2010,0,0,-124.75452576748592
Florida Passage Site,2012,Oyster Reef,1993,520.3607788,0.8704894383748373,-19,0,2012,0,0,-63.30437727076594
Oatland Site,2014,Oyster Reef,1993,462.3419189,0.29260093109174207,-21,0,2014,0,0,-17.73942890225254
Jekyll Island Boat Ramp Site,2009,Oyster Reef,1993,410.424408,0.8401659309864045,-16,0,2009,0,0,-72.71422534772239
Oyster Creek Site B,2013,Oyster Reef,1993,292.5319824,0.8950552003724235,-20,0,2013,0,0,-10.77228515349475
Jointer Creek Oyster Reef A,2012,Oyster Reef,1993,272.1950684,0.834601965215471,-19,0,2012,0,0,-63.52497555655651
Jointer Creek Oyster Reef B,2012,Oyster Reef,1993,279.6816406,0.8220004200935364,-19,0,2012,0,0,-64.27071376985259
Jointer Creek Oyster Reef C,2012,Oyster Reef,1993,327.8086548,0.951718944311142,-19,0,2012,0,0,-20.864315967295056
Jointer Creek Oyster Reef D,2012,Oyster Reef,1993,382.901123,0.4297156572341919,-19,0,2012,0,0,-89.43064633931465
Turtle A,2014,Oyster Reef,1993,756.7299805,0.5610481679439545,-21,0,2014,0,0,-92.82224922763635
Turtle B,2014,Oyster Reef,1993,331.2183533,0.4899329299276525,-21,0,2014,0,0,-79.87244821186147
Turtle C,2014,Oyster Reef,1993,624.3972778,0.7290800303220749,-21,0,2014,0,0,-79.06452762666595
Turtle D,2014,Oyster Reef,1993,359.771637,0.44650352001190186,-21,0,2014,0,0,-120.73188057253077
Turtle E,2014,Oyster Reef,1993,316.6222839,0.5698499351739883,-21,0,2014,0,0,-61.32772829507388
Bellville Boat Ramp Site,2008,Oyster Reef,1993,802.2044678,0.5396907528241476,-15,0,2008,0,0,-102.91563810652974
Plantation Creek Site,2010,Oyster Reef,1994,653.0330811,0.3318810219114477,-16,0,2010,0,0,101.83893294855704
Florida Passage Site,2012,Oyster Reef,1994,741.8510742,0.835772180557251,-18,0,2012,0,0,160.38463194527696
Oatland Site,2014,Oyster Reef,1994,530.7637939,0.2115146057680249,-20,0,2014,0,0,52.88115991379044
Jekyll Island Boat Ramp Site,2009,Oyster Reef,1994,608.8296509,0.8499250574545427,-15,0,2009,0,0,127.88973136832061
Oyster Creek Site B,2013,Oyster Reef,1994,400.8688049,0.7827151285277473,-19,0,2013,0,0,99.76325116254822
Jointer Creek Oyster Reef A,2012,Oyster Reef,1994,392.7398682,0.7686127424240112,-18,0,2012,0,0,59.218538059486434
Jointer Creek Oyster Reef B,2012,Oyster Reef,1994,420.8674316,0.7636168549458185,-18,0,2012,0,0,79.11379104619039
Jointer Creek Oyster Reef C,2012,Oyster Reef,1994,396.4850464,0.9234345306952795,-18,0,2012,0,0,50.010789448747914
Jointer Creek Oyster Reef D,2012,Oyster Reef,1994,613.9782715,0.31090600788593287,-18,0,2012,0,0,143.84521597672835
Turtle A,2014,Oyster Reef,1994,971.6625977,0.4388706819577651,-20,0,2014,0,0,124.30908178840662
Turtle B,2014,Oyster Reef,1994,500.6266479,0.39702711593021045,-20,0,2014,0,0,91.73456020418155
Turtle C,2014,Oyster Reef,1994,833.5874023,0.713173205202276,-20,0,2014,0,0,132.32431068937706
Turtle D,2014,Oyster Reef,1994,600.2731934,0.36897610263390973,-20,0,2014,0,0,121.96838964351218
Turtle E,2014,Oyster Reef,1994,472.7472229,0.5076358887282285,-20,0,2014,0,0,96.99592452096908
Bellville Boat Ramp Site,2008,Oyster Reef,1994,1039.267334,0.5092882392081347,-14,0,2008,0,0,136.34594190951316
Plantation Creek Site,2010,Oyster Reef,1995,724.0513306,0.293363507091999,-15,0,2010,0,0,175.05589626460096
Florida Passage Site,2012,Oyster Reef,1995,780.9871826,0.8276390850543975,-17,0,2012,0,0,201.71945416132087
Oatland Site,2014,Oyster Reef,1995,679.7028809,0.29246437847614287,-19,0,2014,0,0,204.0189607298343
Jekyll Island Boat Ramp Site,2009,Oyster Reef,1995,590.7879639,0.7981424223292958,-14,0,2009,0,0,112.04675818436448
Oyster Creek Site B,2013,Oyster Reef,1995,412.3858948,0.8040871769189835,-18,0,2013,0,0,113.47905487859214
Jointer Creek Oyster Reef A,2012,Oyster Reef,1995,541.1696777,0.7435051582076333,-17,0,2012,0,0,209.8470613755303
Jointer Creek Oyster Reef B,2012,Oyster Reef,1995,466.9946594,0.7585287310860374,-17,0,2012,0,0,127.43973266223429
Jointer Creek Oyster Reef C,2012,Oyster Reef,1995,472.362854,0.899344032460993,-17,0,2012,0,0,128.08731086479185
Jointer Creek Oyster Reef D,2012,Oyster Reef,1995,670.6929321,0.2513568442314863,-17,0,2012,0,0,202.75859039277225
Turtle A,2014,Oyster Reef,1995,1078.811646,0.3750917807221413,-19,0,2014,0,0,233.65684390445062
Turtle B,2014,Oyster Reef,1995,544.8619385,0.37205030701377173,-19,0,2014,0,0,138.16856462022537
Turtle C,2014,Oyster Reef,1995,921.8445435,0.7128260996606615,-19,0,2014,0,0,222.78016570542093
Turtle D,2014,Oyster Reef,1995,599.9224243,0.32962949167598377,-19,0,2014,0,0,123.8163343595561
Turtle E,2014,Oyster Reef,1995,550.3883057,0.5047203600406647,-19,0,2014,0,0,176.83572113701302
Bellville Boat Ramp Site,2008,Oyster Reef,1995,1094.77124,0.5416103899478912,-13,0,2008,0,0,194.0485617255572
Plantation Creek Site,2010,Oyster Reef,1996,651.4071655,0.27150232277133246,-14,0,2010,0,0,104.61044498064393
Florida Passage Site,2012,Oyster Reef,1996,518.427002,0.8381476456468756,-16,0,2012,0,0,-58.642012622636116
Oatland Site,2014,Oyster Reef,1996,464.1482849,0.23256413841789414,-18,0,2014,0,0,-9.33692145412266
Jekyll Island Boat Ramp Site,2009,Oyster Reef,1996,597.656311,0.8352478742599487,-13,0,2009,0,0,121.1138191004074
Oyster Creek Site B,2013,Oyster Reef,1996,279.9411316,0.7585385560989379,-17,0,2013,0,0,-16.76699450536489
Jointer Creek Oyster Reef A,2012,Oyster Reef,1996,394.4703979,0.7392823934555054,-16,0,2012,0,0,65.34649539157334
Jointer Creek Oyster Reef B,2012,Oyster Reef,1996,406.9677734,0.7585882246494293,-16,0,2012,0,0,69.61156047827728
Jointer Creek Oyster Reef C,2012,Oyster Reef,1996,394.8773804,0.9166106164455414,-16,0,2012,0,0,52.80055108083479
Jointer Creek Oyster Reef D,2012,Oyster Reef,1996,567.0904541,0.270829512314363,-16,0,2012,0,0,101.35482620881521
Turtle A,2014,Oyster Reef,1996,948.2314453,0.3879256776788018,-18,0,2014,0,0,105.27535702049352
Turtle B,2014,Oyster Reef,1996,358.4035339,0.37802108460002476,-18,0,2014,0,0,-46.09112616373159
Turtle C,2014,Oyster Reef,1996,611.5787964,0.7428777615229288,-18,0,2014,0,0,-85.28686757853609
Turtle D,2014,Oyster Reef,1996,467.8496094,0.3554845958948135,-18,0,2014,0,0,-6.057766724400892
Turtle E,2014,Oyster Reef,1996,461.0300903,0.472834575176239,-18,0,2014,0,0,89.67621955305594
Bellville Boat Ramp Site,2008,Oyster Reef,1996,1067.656006,0.5405348365505537,-12,0,2008,0,0,169.13204154160007
Plantation Creek Site,2010,Oyster Reef,1997,440.2826233,0.2897997444326227,-13,0,2010,0,0,-104.31538340331309
Florida Passage Site,2012,Oyster Reef,1997,661.0735474,0.833466806194999,-15,0,2012,0,0,86.2032465934069
Oatland Site,2014,Oyster Reef,1997,555.2220459,0.17772098009785012,-17,0,2014,0,0,83.93555336192031
Jekyll Island Boat Ramp Site,2009,Oyster Reef,1997,466.7285156,0.8421155095100403,-12,0,2009,0,0,-7.6152624835496
Oyster Creek Site B,2013,Oyster Reef,1997,272.3890686,0.7615998039642969,-16,0,2013,0,0,-22.120343689321942
Jointer Creek Oyster Reef A,2012,Oyster Reef,1997,245.7755127,0.7910472046245228,-15,0,2012,0,0,-81.14967599238369
Jointer Creek Oyster Reef B,2012,Oyster Reef,1997,265.8277893,0.7773355083032087,-15,0,2012,0,0,-69.32970980567973
Jointer Creek Oyster Reef C,2012,Oyster Reef,1997,302.2702942,0.912092463536696,-15,0,2012,0,0,-37.60782130312219
Jointer Creek Oyster Reef D,2012,Oyster Reef,1997,395.1279297,0.37707416171377356,-15,0,2012,0,0,-68.40898437514181
Turtle A,2014,Oyster Reef,1997,660.7831421,0.42304414917122235,-17,0,2014,0,0,-179.97423236346356
Turtle B,2014,Oyster Reef,1997,362.3726807,0.36333111876791174,-17,0,2014,0,0,-39.92326554768863
Turtle C,2014,Oyster Reef,1997,509.1484375,0.7346087992191315,-17,0,2014,0,0,-185.5185126624931
Turtle D,2014,Oyster Reef,1997,399.4963379,0.35035478737619186,-17,0,2014,0,0,-72.21232440835792
Turtle E,2014,Oyster Reef,1997,325.7735291,0.5042161732912064,-17,0,2014,0,0,-43.38162783090104
Bellville Boat Ramp Site,2008,Oyster Reef,1997,788.6022949,0.5463420033454895,-11,0,2008,0,0,-107.72295574235693
Plantation Creek Site,2010,Oyster Reef,1998,480.384491,0.33956123019258183,-12,0,2010,0,0,-62.014801887269186
Florida Passage Site,2012,Oyster Reef,1998,522.4761963,0.8184611688960682,-14,0,2012,0,0,-50.19539069054929
Oatland Site,2014,Oyster Reef,1998,462.9474792,0.266869149424813,-16,0,2014,0,0,-6.140299522035832
Jekyll Island Boat Ramp Site,2009,Oyster Reef,1998,408.9023132,0.7790500471989313,-11,0,2009,0,0,-63.24275106750571
Oyster Creek Site B,2013,Oyster Reef,1998,239.4647675,0.7789414167404175,-15,0,2013,0,0,-52.84593097327803
Jointer Creek Oyster Reef A,2012,Oyster Reef,1998,299.4849548,0.7761042768304999,-14,0,2012,0,0,-25.241520076339782
Jointer Creek Oyster Reef B,2012,Oyster Reef,1998,292.0629578,0.7769828059456565,-14,0,2012,0,0,-40.89582748963585
Jointer Creek Oyster Reef C,2012,Oyster Reef,1998,320.2076721,0.8996839577501471,-14,0,2012,0,0,-17.4717295870783
Jointer Creek Oyster Reef D,2012,Oyster Reef,1998,425.312561,0.30589543034633,-14,0,2012,0,0,-36.025639259097886
Turtle A,2014,Oyster Reef,1998,720.5234985,0.43961405754089355,-16,0,2014,0,0,-118.03516214741967
Turtle B,2014,Oyster Reef,1998,341.6717224,0.4204404469993379,-16,0,2014,0,0,-58.425510031644706
Turtle C,2014,Oyster Reef,1998,590.6845703,0.7555628657341004,-16,0,2014,0,0,-101.78366604644918
Turtle D,2014,Oyster Reef,1998,441.5831604,0.40020222663879396,-16,0,2014,0,0,-27.92678809231404
Turtle E,2014,Oyster Reef,1998,326.3857422,0.5169599300081079,-16,0,2014,0,0,-40.570700914857184
Bellville Boat Ramp Site,2008,Oyster Reef,1998,788.4588013,0.5723492264747619,-10,0,2008,0,0,-105.66773552631298
Plantation Creek Site,2010,Oyster Reef,1999,438.8674622,0.3265991881489753,-11,0,2010,0,0,-101.33311687122625
Florida Passage Site,2012,Oyster Reef,1999,508.8463745,0.8532440228895708,-13,0,2012,0,0,-61.62649867450625
Oatland Site,2014,Oyster Reef,1999,392.8549194,0.24314082103470958,-15,0,2014,0,0,-74.0341455059928
Jekyll Island Boat Ramp Site,2009,Oyster Reef,1999,395.5336609,0.8488398492336273,-10,0,2009,0,0,-74.41268955146273
Oyster Creek Site B,2013,Oyster Reef,1999,212.1169434,0.764275312423706,-14,0,2013,0,0,-77.99504125723504
Jointer Creek Oyster Reef A,2012,Oyster Reef,1999,281.5675659,0.7764765999533914,-13,0,2012,0,0,-40.96019516029685
Jointer Creek Oyster Reef B,2012,Oyster Reef,1999,253.3072052,0.7829963998361067,-13,0,2012,0,0,-77.45286627359286
Jointer Creek Oyster Reef C,2012,Oyster Reef,1999,309.3886719,0.9265072762966156,-13,0,2012,0,0,-26.092015971035323
Jointer Creek Oyster Reef D,2012,Oyster Reef,1999,362.7474976,0.3039360344409942,-13,0,2012,0,0,-96.39198884305495
Turtle A,2014,Oyster Reef,1999,722.7866821,0.43961671988169354,-15,0,2014,0,0,-113.57326473137664
Turtle B,2014,Oyster Reef,1999,343.1932983,0.39076021855527704,-15,0,2014,0,0,-54.705220315601764
Turtle C,2014,Oyster Reef,1999,644.9019775,0.746644323070844,-15,0,2014,0,0,-45.36754503040618
Turtle D,2014,Oyster Reef,1999,382.8501282,0.37595106796784833,-15,0,2014,0,0,-84.46110647627108
Turtle E,2014,Oyster Reef,1999,278.3372498,0.5285793021321297,-15,0,2014,0,0,-86.42047949881419
Bellville Boat Ramp Site,2008,Oyster Reef,1999,776.350708,0.5516653250564229,-9,0,2008,0,0,-115.57711501026995
Plantation Creek Site,2010,Oyster Reef,2000,428.1877441,0.3448920175433159,-10,0,2010,0,0,-109.81412115518327
Florida Passage Site,2012,Oyster Reef,2000,461.3734436,0.8673670540253321,-12,0,2012,0,0,-106.90071575846332
Oatland Site,2014,Oyster Reef,2000,389.4212036,0.29118161580779334,-14,0,2014,0,0,-75.26914748994983
Jekyll Island Boat Ramp Site,2009,Oyster Reef,2000,398.0437012,0.8443120072285334,-9,0,2009,0,0,-69.70393543541974
Oyster Creek Site B,2013,Oyster Reef,2000,227.1656189,0.8310470978418986,-13,0,2013,0,0,-60.74765194119206
Jointer Creek Oyster Reef A,2012,Oyster Reef,2000,252.5852356,0.8031118164459864,-12,0,2012,0,0,-67.74381164425384
Jointer Creek Oyster Reef B,2012,Oyster Reef,2000,252.8820953,0.7866204380989075,-12,0,2012,0,0,-75.67926235754987
Jointer Creek Oyster Reef C,2012,Oyster Reef,2000,257.8430176,0.9290956904490789,-12,0,2012,0,0,-75.43895645499236
Jointer Creek Oyster Reef D,2012,Oyster Reef,2000,345.322998,0.4230356737971306,-12,0,2012,0,0,-111.61777462701195
Turtle A,2014,Oyster Reef,2000,721.479187,0.44722380150448193,-14,0,2014,0,0,-112.68204601533364
Turtle B,2014,Oyster Reef,2000,307.2377625,0.40718791385491687,-14,0,2014,0,0,-88.46204229955879
Turtle C,2014,Oyster Reef,2000,510.3275452,0.759700616200765,-14,0,2014,0,0,-177.74326351436326
Turtle D,2014,Oyster Reef,2000,363.1211853,0.38319307068983716,-14,0,2014,0,0,-101.9913355602281
Turtle E,2014,Oyster Reef,2000,283.0062256,0.5423046747843424,-14,0,2014,0,0,-79.55278988277121
Bellville Boat Ramp Site,2008,Oyster Reef,2000,792.463501,0.5883423984050751,-8,0,2008,0,0,-97.26560819422707
Plantation Creek Site,2010,Oyster Reef,2001,425.9655762,0.3386004554728667,-9,0,2010,0,0,-109.83757523913937
Florida Passage Site,2012,Oyster Reef,2001,472.497345,0.8797424882650375,-11,0,2012,0,0,-93.5781005424194
Oatland Site,2014,Oyster Reef,2001,383.5690918,0.2780006354053815,-13,0,2014,0,0,-78.92254547390593
Jekyll Island Boat Ramp Site,2009,Oyster Reef,2001,412.9073181,0.8360249002774557,-8,0,2009,0,0,-52.641604719375835
Oyster Creek Site B,2013,Oyster Reef,2001,231.8927917,0.8545568823814392,-12,0,2013,0,0,-53.821765325148164
Jointer Creek Oyster Reef A,2012,Oyster Reef,2001,271.8853149,0.7972951183716456,-11,0,2012,0,0,-46.245018528209926
Jointer Creek Oyster Reef B,2012,Oyster Reef,2001,284.1684875,0.8050485948721567,-11,0,2012,0,0,-42.19415634150596
Jointer Creek Oyster Reef C,2012,Oyster Reef,2001,297.3435364,0.9212865034739176,-11,0,2012,0,0,-33.739723838948464
Jointer Creek Oyster Reef D,2012,Oyster Reef,2001,354.7943726,0.3946536456545194,-11,0,2012,0,0,-99.94768621096807
Turtle A,2014,Oyster Reef,2001,707.513916,0.4130716969569524,-13,0,2014,0,0,-124.44860319928978
Turtle B,2014,Oyster Reef,2001,327.6682434,0.4793151691555977,-13,0,2014,0,0,-65.83284758351488
Turtle C,2014,Oyster Reef,2001,665.864563,0.7517823527256647,-13,0,2014,0,0,-20.00753189831937
Turtle D,2014,Oyster Reef,2001,407.6125793,0.43847268277948553,-13,0,2014,0,0,-55.30122774418419
Turtle E,2014,Oyster Reef,2001,290.0565796,0.5533132528265318,-13,0,2014,0,0,-70.30372206672729
Bellville Boat Ramp Site,2008,Oyster Reef,2001,774.5401611,0.6182165443897247,-7,0,2008,0,0,-112.99023427818315
Plantation Creek Site,2010,Oyster Reef,2002,662.2423706,0.33612524593869847,-8,0,2010,0,0,128.63793297690358
Florida Passage Site,2012,Oyster Reef,2002,671.711792,0.9076800563118674,-10,0,2012,0,0,107.83506027362353
Oatland Site,2014,Oyster Reef,2002,502.890625,0.4001004124681155,-12,0,2014,0,0,42.59770154213703
Jekyll Island Boat Ramp Site,2009,Oyster Reef,2002,560.6226196,0.8378394891818365,-7,0,2009,0,0,97.27241059666716
Oyster Creek Site B,2013,Oyster Reef,2002,373.2827759,0.8427791216156699,-11,0,2013,0,0,89.7669326908948
Jointer Creek Oyster Reef A,2012,Oyster Reef,2002,364.6024475,0.8269544641176859,-10,0,2012,0,0,48.67082788783301
Jointer Creek Oyster Reef B,2012,Oyster Reef,2002,378.2518616,0.7992381503184637,-10,0,2012,0,0,54.08793157453698
Jointer Creek Oyster Reef C,2012,Oyster Reef,2002,388.5468445,0.9324084470669428,-10,0,2012,0,0,59.66229807709453
Jointer Creek Oyster Reef D,2012,Oyster Reef,2002,524.5615845,0.3696890560289224,-10,0,2012,0,0,72.01823950507492
Turtle A,2014,Oyster Reef,2002,913.157959,0.38919782141844433,-12,0,2014,0,0,83.39415361675321
Turtle B,2014,Oyster Reef,2002,444.8254395,0.4352225959300995,-12,0,2014,0,0,53.52306233252813
Turtle C,2014,Oyster Reef,2002,884.1120605,0.7615096817413965,-12,0,2014,0,0,200.43867941772362
Turtle D,2014,Oyster Reef,2002,543.2172852,0.4127698789040248,-12,0,2014,0,0,82.50219197185879
Turtle E,2014,Oyster Reef,2002,455.2564392,0.5423731654882431,-12,0,2014,0,0,97.09485134931566
Bellville Boat Ramp Site,2008,Oyster Reef,2002,1036.713257,0.6018869985233654,-6,0,2008,0,0,151.38157543785996
Plantation Creek Site,2010,Oyster Reef,2003,442.3424988,0.339179590344429,-7,0,2010,0,0,-89.0632250070534
Florida Passage Site,2012,Oyster Reef,2003,523.4186401,0.8487566163142523,-9,0,2012,0,0,-38.25937781033349
Oatland Site,2014,Oyster Reef,2003,405.3289795,0.28774772087732947,-11,0,2014,0,0,-52.765230141819984
Jekyll Island Boat Ramp Site,2009,Oyster Reef,2003,419.0458679,0.8132082711566578,-6,0,2009,0,0,-42.10562728728985
Oyster Creek Site B,2013,Oyster Reef,2003,211.455246,0.8558340413229806,-10,0,2013,0,0,-69.86188339306221
Jointer Creek Oyster Reef A,2012,Oyster Reef,2003,280.0456543,0.8228527953227361,-9,0,2012,0,0,-33.68725149612396
Jointer Creek Oyster Reef B,2012,Oyster Reef,2003,281.6192932,0.7928570942445234,-9,0,2012,0,0,-40.345923009420005
Jointer Creek Oyster Reef C,2012,Oyster Reef,2003,291.2483521,0.9300977858630094,-9,0,2012,0,0,-35.43748050686253
Jointer Creek Oyster Reef D,2012,Oyster Reef,2003,365.3628845,0.3543149314143441,-9,0,2012,0,0,-84.98174667888208
Turtle A,2014,Oyster Reef,2003,719.0997925,0.4003425267609683,-11,0,2014,0,0,-108.46529906720377
Turtle B,2014,Oyster Reef,2003,303.3897095,0.4836469267805417,-11,0,2014,0,0,-85.71395385142893
Turtle C,2014,Oyster Reef,2003,616.4171753,0.7429649938236583,-11,0,2014,0,0,-65.05749196623333
Turtle D,2014,Oyster Reef,2003,417.4837952,0.42166829605897266,-11,0,2014,0,0,-41.03258421209824
Turtle E,2014,Oyster Reef,2003,308.8169556,0.5956654765389182,-11,0,2014,0,0,-47.14591843464137
Bellville Boat Ramp Site,2008,Oyster Reef,2003,784.8782959,0.6024915824333826,-5,0,2008,0,0,-98.25467184609715
Plantation Creek Site,2010,Oyster Reef,2004,673.5912476,0.26579017043113706,-6,0,2010,0,0,144.38423760899047
Florida Passage Site,2012,Oyster Reef,2004,583.7041016,0.8248706559340159,-8,0,2012,0,0,24.2247975057104
Oatland Site,2014,Oyster Reef,2004,532.8916626,0.21686049347574057,-10,0,2014,0,0,76.99616677422392
Jekyll Island Boat Ramp Site,2009,Oyster Reef,2004,569.2075806,0.7939319312572479,-5,0,2009,0,0,110.25479922875405
Oyster Creek Site B,2013,Oyster Reef,2004,375.2473755,0.8229433397452036,-9,0,2013,0,0,96.12895992298166
Jointer Creek Oyster Reef A,2012,Oyster Reef,2004,393.5281982,0.7901574323574702,-8,0,2012,0,0,81.99400621991992
Jointer Creek Oyster Reef B,2012,Oyster Reef,2004,414.2658386,0.7857643316189448,-8,0,2012,0,0,94.49933620662387
Jointer Creek Oyster Reef C,2012,Oyster Reef,2004,384.0309753,0.9200512617826462,-8,0,2012,0,0,59.54385650918141
Jointer Creek Oyster Reef D,2012,Oyster Reef,2004,602.5748291,0.2388698567043651,-8,0,2012,0,0,154.4289117371618
Turtle A,2014,Oyster Reef,2004,867.2958984,0.32431186570061576,-10,0,2014,0,0,41.92952064884014
Turtle B,2014,Oyster Reef,2004,494.5990601,0.38548220694065094,-10,0,2014,0,0,107.69411056461496
Turtle C,2014,Oyster Reef,2004,813.9738159,0.7033212157812986,-10,0,2014,0,0,134.6978624498105
Turtle D,2014,Oyster Reef,2004,566.6244507,0.3883041116324338,-10,0,2014,0,0,110.30678510394569
Turtle E,2014,Oyster Reef,2004,438.2828064,0.4875403507189317,-10,0,2014,0,0,84.51864618140257
Bellville Boat Ramp Site,2008,Oyster Reef,2004,1102.4021,0.5690476397673289,-4,0,2008,0,0,221.46784606994675
Plantation Creek Site,2010,Oyster Reef,2005,662.2679443,0.2837442507346471,-5,0,2010,0,0,135.25964812503344
Florida Passage Site,2012,Oyster Reef,2005,550.5997925,0.8489867846171061,-7,0,2012,0,0,-6.680797778246529
Oatland Site,2014,Oyster Reef,2005,472.1933594,0.21251716619978345,-9,0,2014,0,0,18.496577390266907
Jekyll Island Boat Ramp Site,2009,Oyster Reef,2005,595.0631104,0.7640638500452042,-4,0,2009,0,0,138.30904284479703
Oyster Creek Site B,2013,Oyster Reef,2005,287.7948608,0.7910986867817965,-8,0,2013,0,0,10.875159039024652
Jointer Creek Oyster Reef A,2012,Oyster Reef,2005,382.5842285,0.7855183184146881,-7,0,2012,0,0,73.24875033596288
Jointer Creek Oyster Reef B,2012,Oyster Reef,2005,424.9590149,0.7669779495759443,-7,0,2012,0,0,107.39122632266685
Jointer Creek Oyster Reef C,2012,Oyster Reef,2005,427.1500854,0.9004427032037214,-7,0,2012,0,0,104.86168042522439
Jointer Creek Oyster Reef D,2012,Oyster Reef,2005,581.052002,0.2755009407798449,-7,0,2012,0,0,135.1047984532048
Turtle A,2014,Oyster Reef,2005,980.0535278,0.36866523573795956,-9,0,2014,0,0,156.88586386488305
Turtle B,2014,Oyster Reef,2005,487.1239319,0.38041820252935094,-9,0,2014,0,0,102.41769618065797
Turtle C,2014,Oyster Reef,2005,845.3546753,0.7109178205331167,-9,0,2014,0,0,168.27743566585355
Turtle D,2014,Oyster Reef,2005,545.0219727,0.3788210153579712,-9,0,2014,0,0,90.90302091998865
Turtle E,2014,Oyster Reef,2005,425.3447266,0.49759070575237274,-9,0,2014,0,0,73.77928019744553
Bellville Boat Ramp Site,2008,Oyster Reef,2005,1111.66626,0.5654296477635702,-3,0,2008,0,0,232.93071988598967
Plantation Creek Site,2010,Oyster Reef,2006,393.0657959,0.2979723093184558,-4,0,2010,0,0,-131.7437864589226
Florida Passage Site,2012,Oyster Reef,2006,377.6419067,0.8173226366440455,-6,0,2012,0,0,-177.43996976220268
Oatland Site,2014,Oyster Reef,2006,342.5863953,0.20907670124010602,-8,0,2014,0,0,-108.91167289368923
Jekyll Island Boat Ramp Site,2009,Oyster Reef,2006,335.125,0.7885150661071142,-3,0,2009,0,0,-119.4303537391591
Oyster Creek Site B,2013,Oyster Reef,2006,213.6856232,0.8256610751152038,-7,0,2013,0,0,-61.03536474493143
Jointer Creek Oyster Reef A,2012,Oyster Reef,2006,232.1643066,0.7862964868545532,-6,0,2012,0,0,-74.97245774799322
Jointer Creek Oyster Reef B,2012,Oyster Reef,2006,233.8174438,0.7589804430802664,-6,0,2012,0,0,-81.55163096128925
Jointer Creek Oyster Reef C,2012,Oyster Reef,2006,230.9115753,0.9359487394491831,-6,0,2012,0,0,-89.17811585873173
Jointer Creek Oyster Reef D,2012,Oyster Reef,2006,273.3473816,0.34488942846655846,-6,0,2012,0,0,-170.4011081307513
Turtle A,2014,Oyster Reef,2006,639.1640015,0.3510690393547217,-8,0,2014,0,0,-181.804948619073
Turtle B,2014,Oyster Reef,2006,265.8015747,0.38415569936235744,-8,0,2014,0,0,-116.70594720329814
Turtle C,2014,Oyster Reef,2006,500.9181213,0.7380769451459249,-8,0,2014,0,0,-173.96040451810262
Turtle D,2014,Oyster Reef,2006,318.2853088,0.3954545979698499,-8,0,2014,0,0,-133.63492916396746
Turtle E,2014,Oyster Reef,2006,248.3869171,0.5163423642516136,-8,0,2014,0,0,-100.97981548651057
Bellville Boat Ramp Site,2008,Oyster Reef,2006,774.9615479,0.5700288762648901,-2,0,2008,0,0,-101.57527839796637
Plantation Creek Site,2010,Oyster Reef,2007,594.0621948,0.297231911258264,-3,0,2010,0,0,71.4513262571204
Florida Passage Site,2012,Oyster Reef,2007,693.0176392,0.877643113786524,-5,0,2012,0,0,140.13447655384027
Oatland Site,2014,Oyster Reef,2007,584.1845703,0.205156793196996,-7,0,2014,0,0,134.88521592235378
Jekyll Island Boat Ramp Site,2009,Oyster Reef,2007,568.7260132,0.8048325479030609,-2,0,2009,0,0,116.36937327688389
Oyster Creek Site B,2013,Oyster Reef,2007,396.5411987,0.8863945549184625,-6,0,2013,0,0,124.01892457111154
Jointer Creek Oyster Reef A,2012,Oyster Reef,2007,366.4785767,0.8301700299436395,-5,0,2012,0,0,61.54052616804978
Jointer Creek Oyster Reef B,2012,Oyster Reef,2007,392.810791,0.8083774989301508,-5,0,2012,0,0,79.64043005475372
Jointer Creek Oyster Reef C,2012,Oyster Reef,2007,389.5459595,0.9393760074268688,-5,0,2012,0,0,71.65498215731122
Jointer Creek Oyster Reef D,2012,Oyster Reef,2007,493.5654297,0.45140939702590305,-5,0,2012,0,0,52.01565378529165
Turtle A,2014,Oyster Reef,2007,866.199707,0.37141527608036995,-7,0,2014,0,0,47.42947069696993
Turtle B,2014,Oyster Reef,2007,433.1328125,0.3985790340229869,-7,0,2014,0,0,52.82400441274484
Turtle C,2014,Oyster Reef,2007,934.1932983,0.7470621466636658,-7,0,2014,0,0,261.5134862979404
Turtle D,2014,Oyster Reef,2007,541.3942261,0.4259437918663025,-7,0,2014,0,0,91.6727019520755
Turtle E,2014,Oyster Reef,2007,413.2774353,0.5155978227655093,-7,0,2014,0,0,66.10941652953238
Bellville Boat Ramp Site,2008,Oyster Reef,2007,1029.979248,0.5499719406167666,-1,0,2008,0,0,155.64113551807668
Plantation Creek Site,2010,Oyster Reef,2008,399.7562561,0.3705354531606038,-2,0,2010,0,0,-120.65589862683669
Florida Passage Site,2012,Oyster Reef,2008,445.998291,0.874481682976087,-4,0,2012,0,0,-104.68615783011671
Oatland Site,2014,Oyster Reef,2008,378.2870178,0.3381581095357736,-6,0,2014,0,0,-68.81362276160326
Jekyll Island Boat Ramp Site,2009,Oyster Reef,2008,414.4759827,0.7731347481409708,-1,0,2009,0,0,-35.68194340707316
Oyster Creek Site B,2013,Oyster Reef,2008,244.1049042,0.862221497297287,-5,0,2013,0,0,-26.21865611284548
Jointer Creek Oyster Reef A,2012,Oyster Reef,2008,301.6809692,0.8629472255706787,-4,0,2012,0,0,-1.058367515907264
Jointer Creek Oyster Reef B,2012,Oyster Reef,2008,288.9185791,0.843795733018355,-4,0,2012,0,0,-22.053068029203303
Jointer Creek Oyster Reef C,2012,Oyster Reef,2008,316.8959656,0.9506802504712885,-4,0,2012,0,0,1.2037020733542363
Jointer Creek Oyster Reef D,2012,Oyster Reef,2008,369.8619995,0.6083495020866394,-4,0,2012,0,0,-69.48906259866533
Turtle A,2014,Oyster Reef,2008,650.7663574,0.486635555823644,-6,0,2014,0,0,-165.80516508698713
Turtle B,2014,Oyster Reef,2008,279.6398621,0.5224935818802227,-6,0,2014,0,0,-98.47023217121216
Turtle C,2014,Oyster Reef,2008,503.4592285,0.785802342674949,-6,0,2014,0,0,-167.02186968601666
Turtle D,2014,Oyster Reef,2008,376.9127197,0.4953412090738614,-6,0,2014,0,0,-70.61009063188146
Turtle E,2014,Oyster Reef,2008,279.5734863,0.6177354753017426,-6,0,2014,0,0,-65.3958186544246
Bellville Boat Ramp Site,2008,Oyster Reef,2008,776.7024536,0.5567043796181679,0,0,2008,1,0,-96.67166460403496
Plantation Creek Site,2010,Oyster Reef,2009,624.1729736,0.3357405364513397,-1,0,2010,0,0,105.95953268920721
Florida Passage Site,2012,Oyster Reef,2009,637.1309204,0.8419763326644898,-3,0,2012,0,0,88.64518538592722
Oatland Site,2014,Oyster Reef,2009,496.5157471,0.33225284245881165,-5,0,2014,0,0,51.613820354440634
Jekyll Island Boat Ramp Site,2009,Oyster Reef,2009,569.8777466,0.7648918529351553,0,0,2009,1,0,120.68381477081624
Oyster Creek Site B,2013,Oyster Reef,2009,348.6974182,0.9149806141853333,-4,0,2013,0,0,80.57257170319843
Jointer Creek Oyster Reef A,2012,Oyster Reef,2009,379.0058289,0.8844825625419617,-3,0,2012,0,0,78.46520600013662
Jointer Creek Oyster Reef B,2012,Oyster Reef,2009,367.7493896,0.8552364011605581,-3,0,2012,0,0,58.97645628684057
Jointer Creek Oyster Reef C,2012,Oyster Reef,2009,366.4970093,0.944673478603363,-3,0,2012,0,0,53.00345958939812
Jointer Creek Oyster Reef D,2012,Oyster Reef,2009,609.472168,0.41546596451239154,-3,0,2012,0,0,172.31981971737855
Turtle A,2014,Oyster Reef,2009,950.5344849,0.42981041471163434,-5,0,2014,0,0,136.16167622905687
Turtle B,2014,Oyster Reef,2009,394.9241028,0.47898379781029443,-5,0,2014,0,0,19.01272234483173
Turtle C,2014,Oyster Reef,2009,772.7207642,0.7865299642086029,-5,0,2014,0,0,104.4383798300272
Turtle D,2014,Oyster Reef,2009,487.7245178,0.5311445345481237,-5,0,2014,0,0,42.400421284162405
Turtle E,2014,Oyster Reef,2009,376.1586304,0.5850187919356606,-5,0,2014,0,0,33.38803926161927
Bellville Boat Ramp Site,2008,Oyster Reef,2009,787.3428955,0.5992960358659426,1,1,2008,1,1,-89.04430587711784
Plantation Creek Site,2010,Oyster Reef,2010,424.5984192,0.29652691700241784,0,0,2010,1,0,-92.6510274329043
Florida Passage Site,2012,Oyster Reef,2010,463.5106201,0.8483040928840637,-2,0,2012,0,0,-82.77640109802985
Oatland Site,2014,Oyster Reef,2010,399.4590454,0.29967260609070456,-4,0,2014,0,0,-43.2441675295164
Jekyll Island Boat Ramp Site,2009,Oyster Reef,2010,357.0115967,0.7513270974159241,1,1,2009,1,1,-95.12617086529116
Oyster Creek Site B,2013,Oyster Reef,2010,206.3730164,0.8774456679821014,-3,0,2013,0,0,-59.55311628075859
Jointer Creek Oyster Reef A,2012,Oyster Reef,2010,231.8764191,0.8438822974761327,-2,0,2012,0,0,-66.46548998382039
Jointer Creek Oyster Reef B,2012,Oyster Reef,2010,240.1895142,0.7944754163424174,-2,0,2012,0,0,-66.38470529711643
Jointer Creek Oyster Reef C,2012,Oyster Reef,2010,234.8457489,0.8892156581083933,-2,0,2012,0,0,-76.44908699455891
Jointer Creek Oyster Reef D,2012,Oyster Reef,2010,324.1885376,0.3053416926413774,-2,0,2012,0,0,-110.76509686657846
Turtle A,2014,Oyster Reef,2010,703.9362183,0.3986586704850197,-4,0,2014,0,0,-108.23787655490025
Turtle B,2014,Oyster Reef,2010,295.9934998,0.4125656882921855,-4,0,2014,0,0,-77.71916683912531
Turtle C,2014,Oyster Reef,2010,569.4524536,0.750364954272906,-4,0,2014,0,0,-96.63121695392977
Turtle D,2014,Oyster Reef,2010,361.9533386,0.44584086537361145,-4,0,2014,0,0,-81.17204409979462
Turtle E,2014,Oyster Reef,2010,267.1495056,0.5628807544708252,-4,0,2014,0,0,-73.42237172233774
Bellville Boat Ramp Site,2008,Oyster Reef,2010,793.0421143,0.5871646081407865,2,2,2008,1,2,-86.35817025020162
Plantation Creek Site,2010,Oyster Reef,2011,403.6470642,0.3091041805843512,1,1,2010,1,1,-118.27116092143223
Florida Passage Site,2012,Oyster Reef,2011,429.2822266,0.8820784986019135,-1,0,2012,0,0,-114.80608078198685
Oatland Site,2014,Oyster Reef,2011,376.1099243,0.2562692792465289,-3,0,2014,0,0,-64.39457481347341
Jekyll Island Boat Ramp Site,2009,Oyster Reef,2011,316.1078796,0.7651642461617788,2,2,2009,1,2,-138.97372370139846
Oyster Creek Site B,2013,Oyster Reef,2011,206.7933807,0.9272624552249908,-2,0,2013,0,0,-56.934038164715616
Jointer Creek Oyster Reef A,2012,Oyster Reef,2011,244.4851074,0.8600366115570068,-1,0,2012,0,0,-51.6580878677774
Jointer Creek Oyster Reef B,2012,Oyster Reef,2011,251.2270355,0.8191676537195841,-1,0,2012,0,0,-53.148470181073435
Jointer Creek Oyster Reef C,2012,Oyster Reef,2011,240.6745911,0.9456356714169184,-1,0,2012,0,0,-68.42153097851593
Jointer Creek Oyster Reef D,2012,Oyster Reef,2011,279.7740479,0.3649273564418157,-1,0,2012,0,0,-152.98087275053547
Turtle A,2014,Oyster Reef,2011,632.7432251,0.36329606423775357,-3,0,2014,0,0,-177.2321559388572
Turtle B,2014,Oyster Reef,2011,271.880127,0.4520673304796219,-3,0,2014,0,0,-99.6338258230823
Turtle C,2014,Oyster Reef,2011,501.2781067,0.7373054896791776,-3,0,2014,0,0,-162.60685003788677
Turtle D,2014,Oyster Reef,2011,318.3343811,0.46636127432187396,-3,0,2014,0,0,-122.59228778375166
Turtle E,2014,Oyster Reef,2011,245.3650665,0.5607725431521734,-3,0,2014,0,0,-93.00809700629475
Bellville Boat Ramp Site,2008,Oyster Reef,2011,776.4702759,0.5659073864420255,3,3,2008,1,3,-105.94309182328527
Plantation Creek Site,2010,Oyster Reef,2012,420.4058533,0.3222111041347186,2,2,2010,1,2,-106.1811503099591
Florida Passage Site,2012,Oyster Reef,2012,406.5592041,0.9005296349525451,0,0,2012,1,0,-136.5651090040975
Oatland Site,2014,Oyster Reef,2012,370.4666443,0.22484189520279563,-2,0,2014,0,0,-67.83914099742952
Jekyll Island Boat Ramp Site,2009,Oyster Reef,2012,434.5355225,0.7738735212220086,3,3,2009,1,3,-23.48991653750494
Oyster Creek Site B,2013,Oyster Reef,2012,230.6772766,0.8281909823417664,-1,0,2013,0,0,-30.851428448671726
Jointer Creek Oyster Reef A,2012,Oyster Reef,2012,267.1429749,0.8721799155076345,0,0,2012,1,0,-28.036226089888032
Jointer Creek Oyster Reef B,2012,Oyster Reef,2012,282.9951782,0.8394091784954071,0,0,2012,1,0,-20.41633320318408
Jointer Creek Oyster Reef C,2012,Oyster Reef,2012,266.8931274,0.9601141346825494,0,0,2012,1,0,-41.23900040062654
Jointer Creek Oyster Reef D,2012,Oyster Reef,2012,342.6600342,0.43231768740548027,0,0,2012,1,0,-89.13089217264616
Turtle A,2014,Oyster Reef,2012,617.8546143,0.35680811919949273,-2,0,2014,0,0,-189.92205292281335
Turtle B,2014,Oyster Reef,2012,281.8912659,0.5147756752040651,-2,0,2014,0,0,-87.42397310703842
Turtle C,2014,Oyster Reef,2012,694.0470581,0.769315587149726,-2,0,2014,0,0,32.360815178157054
Turtle D,2014,Oyster Reef,2012,364.918335,0.500269439485338,-2,0,2014,0,0,-73.80962006770773
Turtle E,2014,Oyster Reef,2012,263.259552,0.6404505736298032,-2,0,2014,0,0,-72.91489769025088
Bellville Boat Ramp Site,2008,Oyster Reef,2012,759.2993774,0.6028115385108523,4,4,2008,1,4,-126.12707349636821
Plantation Creek Site,2010,Oyster Reef,2013,704.4359741,0.32431894540786743,3,3,2010,1,3,173.18019200151298
Florida Passage Site,2012,Oyster Reef,2013,778.7485352,0.8869875967502594,1,1,2012,1,1,234.1533624315108
Oatland Site,2014,Oyster Reef,2013,465.1555481,0.302138641787072,-1,0,2014,0,0,29.04847661861345
Jekyll Island Boat Ramp Site,2009,Oyster Reef,2013,596.7495117,0.7312927775912814,4,4,2009,1,4,135.78023692638772
Oyster Creek Site B,2013,Oyster Reef,2013,321.6247864,0.9275613210418008,0,0,2013,1,0,61.060075629216726
Jointer Creek Oyster Reef A,2012,Oyster Reef,2013,370.8686829,0.8586291074752808,1,1,2012,1,1,73.05250604962725
Jointer Creek Oyster Reef B,2012,Oyster Reef,2013,395.8354797,0.7969438650391318,1,1,2012,1,1,89.69797167565844
Jointer Creek Oyster Reef C,2012,Oyster Reef,2013,385.905426,0.9358690760352395,1,1,2012,1,1,75.24721506485372
Jointer Creek Oyster Reef D,2012,Oyster Reef,2013,591.4782104,0.5087754279375076,1,1,2012,1,1,155.5074975276146
Turtle A,2014,Oyster Reef,2013,937.8093262,0.44670137638847035,-1,0,2014,0,0,132.23137279322964
Turtle B,2014,Oyster Reef,2013,794.4990234,0.37533151047925156,-1,0,2014,0,0,427.3824982090046
Turtle C,2014,Oyster Reef,2013,728.4545898,0.683547780662775,-1,0,2014,0,0,68.96706069420009
Turtle D,2014,Oyster Reef,2013,556.6364136,0.46474422920833935,-1,0,2014,0,0,120.10717234833521
Turtle E,2014,Oyster Reef,2013,414.8366394,0.6481634775797526,-1,0,2014,0,0,80.86090352579214
Bellville Boat Ramp Site,2008,Oyster Reef,2013,1019.338745,0.5355579961429943,5,5,2008,1,5,130.89921093054795
Plantation Creek Site,2010,Oyster Reef,2014,468.0441895,0.28396193310618395,4,4,2010,1,4,-67.88037108701474
Florida Passage Site,2012,Oyster Reef,2014,392.9144897,0.8431336134672165,2,2,2012,1,2,-153.15154273288078
Oatland Site,2014,Oyster Reef,2014,409.9963379,0.3208012662150643,0,0,2014,1,0,-25.146739303498066
Jekyll Island Boat Ramp Site,2009,Oyster Reef,2014,403.8865967,0.7121868431568146,5,5,2009,1,5,-60.02651380971963
Oyster Creek Site B,2013,Oyster Reef,2014,251.9254608,0.8640958558429371,1,1,2013,1,1,-10.391818154616942
Jointer Creek Oyster Reef A,2012,Oyster Reef,2014,246.6082153,0.8030773301919302,2,2,2012,1,2,-53.84493741085734
Jointer Creek Oyster Reef B,2012,Oyster Reef,2014,274.9676208,0.7749370038509369,2,2,2012,1,2,-33.895883845498986
Jointer Creek Oyster Reef C,2012,Oyster Reef,2014,262.3369141,0.8758498321879994,2,2,2012,1,2,-50.84737996966595
Jointer Creek Oyster Reef D,2012,Oyster Reef,2014,369.9145813,0.2839337810873985,2,2,2012,1,2,-70.23591807212455
Turtle A,2014,Oyster Reef,2014,717.7103882,0.37089260170857113,0,0,2014,1,0,-86.903570928882
Turtle B,2014,Oyster Reef,2014,329.0338745,0.33540001263221103,0,0,2014,1,0,-37.118656413106976
Turtle C,2014,Oyster Reef,2014,507.7367859,0.6741182439029216,0,0,2014,1,0,-150.7867489279114
Turtle D,2014,Oyster Reef,2014,334.611969,0.42395155876874924,0,0,2014,1,0,-100.95327797377632
Turtle E,2014,Oyster Reef,2014,301.0341797,0.5397128313779831,0,0,2014,1,0,-31.977561896319457
Bellville Boat Ramp Site,2008,Oyster Reef,2014,779.644165,0.5538120865821838,6,6,2008,1,6,-111.80845224253574
Plantation Creek Site,2010,Oyster Reef,2015,664.6762695,0.2672847494482994,5,5,2010,1,5,124.08293042445837
Florida Passage Site,2012,Oyster Reef,2015,673.4588013,0.8281569927930832,3,3,2012,1,3,125.92190920272844
Oatland Site,2014,Oyster Reef,2015,560.0109253,0.30901227146387095,1,1,2014,1,1,121.76334918856645
Jekyll Island Boat Ramp Site,2009,Oyster Reef,2015,589.3510742,0.7507631507786837,6,6,2009,1,6,122.4941279541739
Oyster Creek Site B,2013,Oyster Reef,2015,379.9523621,0.8427652385499742,2,2,2013,1,2,115.88251496155038
Jointer Creek Oyster Reef A,2012,Oyster Reef,2015,368.6362305,0.8591063347729769,3,3,2012,1,3,65.54610192865891
Jointer Creek Oyster Reef B,2012,Oyster Reef,2015,381.6926575,0.7581334292888642,3,3,2012,1,3,70.10315623334441
Jointer Creek Oyster Reef C,2012,Oyster Reef,2015,375.5198364,0.907567274570465,3,3,2012,1,3,59.809459195815236
Jointer Creek Oyster Reef D,2012,Oyster Reef,2015,668.5827637,0.1828053198754787,3,3,2012,1,3,224.2524778281371
Turtle A,2014,Oyster Reef,2015,1119.431152,0.35457453280687334,1,1,2014,1,1,309.30747647235376
Turtle B,2014,Oyster Reef,2015,472.7538452,0.37787793278694154,1,1,2014,1,1,102.66617384668638
Turtle C,2014,Oyster Reef,2015,809.9714966,0.717527429262797,1,1,2014,1,1,147.86117038215605
Turtle D,2014,Oyster Reef,2015,565.7324219,0.46386380900036206,1,1,2014,1,1,125.92805197198908
Turtle E,2014,Oyster Reef,2015,525.2228394,0.5148432959209789,1,1,2014,1,1,188.76863065931724
Bellville Boat Ramp Site,2008,Oyster Reef,2015,775.5496216,0.5287389159202576,7,7,2008,1,7,-118.91607881561856
Plantation Creek Site,2010,Oyster Reef,2016,467.1913147,0.24936773831194092,6,6,2010,1,6,-78.07080286406949
Florida Passage Site,2012,Oyster Reef,2016,477.7077637,0.8314184844493866,4,4,2012,1,4,-71.29998806166316
Oatland Site,2014,Oyster Reef,2016,399.9281006,0.3600604732831319,2,2,2014,1,2,-41.42397441936998
Jekyll Island Boat Ramp Site,2009,Oyster Reef,2016,412.7666016,0.7286760319362987,7,7,2009,1,7,-57.034180381933425
Oyster Creek Site B,2013,Oyster Reef,2016,205.8884735,0.873513400554657,3,3,2013,1,3,-59.93394182228329
Jointer Creek Oyster Reef A,2012,Oyster Reef,2016,251.0393372,0.8351987600326538,4,4,2012,1,4,-54.687767231825745
Jointer Creek Oyster Reef B,2012,Oyster Reef,2016,266.0434875,0.7873069102113898,4,4,2012,1,4,-48.272010387813054
Jointer Creek Oyster Reef C,2012,Oyster Reef,2016,249.6875305,0.9257581233978271,4,4,2012,1,4,-68.54892983870442
Jointer Creek Oyster Reef D,2012,Oyster Reef,2016,369.8861694,0.2351249585097486,4,4,2012,1,4,-78.62390297160204
Turtle A,2014,Oyster Reef,2016,761.6461792,0.371912501075051,2,2,2014,1,2,-53.9872127264116
Turtle B,2014,Oyster Reef,2016,300.4415588,0.3689850091934204,2,2,2014,1,2,-73.5812529935211
Turtle C,2014,Oyster Reef,2016,500.2773438,0.7352267444133759,2,2,2014,1,2,-165.4197738077774
Turtle D,2014,Oyster Reef,2016,359.7756042,0.4791327823292125,2,2,2014,1,2,-84.26788868224634
Turtle E,2014,Oyster Reef,2016,280.3937073,0.5545583882115104,2,2,2014,1,2,-59.502968585046915
Bellville Boat Ramp Site,2008,Oyster Reef,2016,766.6734619,0.5228599786758423,8,8,2008,1,8,-130.8053216887023
Plantation Creek Site,2010,Oyster Reef,2017,615.9052734,0.23834497978289917,7,7,2010,1,7,65.97437734740276
Florida Passage Site,2012,Oyster Reef,2017,490.0226135,0.8239086121320724,5,5,2012,1,5,-60.45599792605486
Oatland Site,2014,Oyster Reef,2017,434.6127319,0.32214818522334093,3,3,2014,1,3,-9.84384202730638
Jekyll Island Boat Ramp Site,2009,Oyster Reef,2017,562.5775757,0.7390637944142023,8,8,2009,1,8,89.83295798195928
Oyster Creek Site B,2013,Oyster Reef,2017,232.5729065,0.8554392755031586,4,4,2013,1,4,-35.00207700611685
Jointer Creek Oyster Reef A,2012,Oyster Reef,2017,361.8076172,0.8526982814073563,5,5,2012,1,5,53.44353690768958
Jointer Creek Oyster Reef B,2012,Oyster Reef,2017,378.523407,0.7913240144650141,5,5,2012,1,5,61.48191249102945
Jointer Creek Oyster Reef C,2012,Oyster Reef,2017,361.9997559,0.936529204249382,5,5,2012,1,5,41.2372124267759
Jointer Creek Oyster Reef D,2012,Oyster Reef,2017,505.491394,0.3407175615429878,5,5,2012,1,5,52.80153512865866
Turtle A,2014,Oyster Reef,2017,872.3950195,0.3707390104730924,3,3,2014,1,3,51.251911174823135
Turtle B,2014,Oyster Reef,2017,422.9364929,0.3397269658744335,3,3,2014,1,3,44.978540666271385
Turtle C,2014,Oyster Reef,2017,790.8759155,0.6990051106973127,3,3,2014,1,3,121.59200650228911
Turtle D,2014,Oyster Reef,2017,400.5610657,0.45347587357867847,3,3,2014,1,3,-47.721550136481824
Turtle E,2014,Oyster Reef,2017,302.6229858,0.5906630630294482,3,3,2014,1,3,-40.71615722941118
Bellville Boat Ramp Site,2008,Oyster Reef,2017,1013.814941,0.5435658544301987,9,9,2008,1,9,113.32307423821374
Plantation Creek Site,2010,Oyster Reef,2018,478.2547913,0.27813748642802233,8,8,2010,1,8,-76.34488324112414
Florida Passage Site,2012,Oyster Reef,2018,480.4110107,0.8655825853347778,6,6,2012,1,6,-71.5384603904455
Oatland Site,2014,Oyster Reef,2018,431.4656372,0.3651094598074754,4,4,2014,1,4,-16.09543563524187
Jekyll Island Boat Ramp Site,2009,Oyster Reef,2018,411.9580078,0.7886863003174464,9,9,2009,1,9,-63.73044565414716
Oyster Creek Site B,2013,Oyster Reef,2018,215.7311249,0.8788602189584211,5,5,2013,1,5,-53.59642678994959
Jointer Creek Oyster Reef A,2012,Oyster Reef,2018,229.932373,0.8766460906375538,6,6,2012,1,6,-81.06868315279414
Jointer Creek Oyster Reef B,2012,Oyster Reef,2018,241.8478241,0.8439239710569382,6,6,2012,1,6,-77.91966703012704
Jointer Creek Oyster Reef C,2012,Oyster Reef,2018,234.1029358,0.9440580109755198,6,6,2012,1,6,-89.18569080774284
Jointer Creek Oyster Reef D,2012,Oyster Reef,2018,675.9727783,0.30351053675015766,6,6,2012,1,6,219.10313292892033
Turtle A,2014,Oyster Reef,2018,800.1380005,0.378045879304409,4,4,2014,1,4,-26.51482422394122
Turtle B,2014,Oyster Reef,2018,313.7560425,0.396042488515377,4,4,2014,1,4,-68.13705017393522
Turtle C,2014,Oyster Reef,2018,519.5128174,0.7307764183391224,4,4,2014,1,4,-153.3578829876434
Turtle D,2014,Oyster Reef,2018,912.2962036,0.4998450428247452,4,4,2014,1,4,459.77446480928364
Turtle E,2014,Oyster Reef,2018,281.3186646,0.6131368604573336,4,4,2014,1,4,-65.46294557377439
Bellville Boat Ramp Site,2008,Oyster Reef,2018,778.0835571,0.5479719862341881,10,10,2008,1,10,-125.42139283486904
Plantation Creek Site,2010,Oyster Reef,2019,434.525177,0.2521029102305571,9,9,2010,1,9,-124.74327602965207
Florida Passage Site,2012,Oyster Reef,2019,418.3325195,0.8791481753190359,7,7,2012,1,7,-135.0878112548371
Oatland Site,2014,Oyster Reef,2019,378.2627563,0.38096879174311954,5,5,2014,1,5,-72.40281544317833
Jekyll Island Boat Ramp Site,2009,Oyster Reef,2019,411.6583557,0.7793659915526708,10,10,2009,1,10,-66.97393349025452
Oyster Creek Site B,2013,Oyster Reef,2019,246.2842255,0.9273788062008944,6,6,2013,1,6,-24.795894373783142
Jointer Creek Oyster Reef A,2012,Oyster Reef,2019,265.0360413,0.87464501099153,7,7,2012,1,7,-48.60199071327878
Jointer Creek Oyster Reef B,2012,Oyster Reef,2019,267.323761,0.8568760355313619,7,7,2012,1,7,-55.16972675128454
Jointer Creek Oyster Reef C,2012,Oyster Reef,2019,269.4928589,0.93623126745224,7,7,2012,1,7,-56.32185084226262
Jointer Creek Oyster Reef D,2012,Oyster Reef,2019,384.3591614,0.24719240640600518,7,7,2012,1,7,-76.69027047081886
Turtle A,2014,Oyster Reef,2019,691.642395,0.3578642877665433,5,5,2014,1,5,-140.52014612270648
Turtle B,2014,Oyster Reef,2019,286.6958923,0.3725070975720882,5,5,2014,1,5,-99.13234081414271
Turtle C,2014,Oyster Reef,2019,620.6247559,0.7361658134243705,5,5,2014,1,5,-55.83273587757685
Turtle D,2014,Oyster Reef,2019,328.4882507,0.538300073809094,5,5,2014,1,5,-128.27261104495187
Turtle E,2014,Oyster Reef,2019,288.0226746,0.5732410062443126,5,5,2014,1,5,-62.20140271813858
Bellville Boat Ramp Site,2008,Oyster Reef,2019,753.8428955,0.5695077955722809,11,11,2008,1,11,-152.6751376079527
Plantation Creek Site,2010,Oyster Reef,2020,714.1369019,0.23924657702445984,10,10,2010,1,10,150.19967038182017
Florida Passage Site,2012,Oyster Reef,2020,560.9403076,0.8813046713670095,8,8,2012,1,8,6.0491171807713044
Oatland Site,2014,Oyster Reef,2020,505.9797058,0.3254276054600874,6,6,2014,1,6,52.2096351488853
Jekyll Island Boat Ramp Site,2009,Oyster Reef,2020,465.73526,0.7441199322541555,11,11,2009,1,11,-15.840864926361917
Oyster Creek Site B,2013,Oyster Reef,2020,249.8311768,0.9040205749598417,7,7,2013,1,7,-23.001511257616784
Jointer Creek Oyster Reef A,2012,Oyster Reef,2020,363.7105103,0.8782184665853326,8,8,2012,1,8,47.43550242623661
Jointer Creek Oyster Reef B,2012,Oyster Reef,2020,389.8141785,0.8450524536046115,8,8,2012,1,8,64.594694127558
Jointer Creek Oyster Reef C,2012,Oyster Reef,2020,398.0492249,0.9229916442524303,8,8,2012,1,8,69.70843202321777
Jointer Creek Oyster Reef D,2012,Oyster Reef,2020,470.1591187,0.20197428079942858,8,8,2012,1,8,4.929900329441978
Turtle A,2014,Oyster Reef,2020,1124.234375,0.3447424918413162,6,6,2014,1,6,286.5621174785283
Turtle B,2014,Oyster Reef,2020,543.611084,0.35981710130969685,6,6,2014,1,6,153.8477104456498
Turtle C,2014,Oyster Reef,2020,946.9118042,0.699916789929072,6,6,2014,1,6,266.8675210324898
Turtle D,2014,Oyster Reef,2020,654.536377,0.4575425982475281,6,6,2014,1,6,193.53639230081268
Turtle E,2014,Oyster Reef,2020,511.6781616,0.5423390939831734,6,6,2014,1,6,158.01161713749724
Bellville Boat Ramp Site,2008,Oyster Reef,2020,1094.224976,0.5513269230723381,12,12,2008,1,12,184.6938597189635
Plantation Creek Site,2010,Oyster Reef,2021,823.7886353,0.22036265706022576,11,11,2010,1,11,255.1826252932932
Florida Passage Site,2012,Oyster Reef,2021,493.2762451,0.8068696757157644,9,9,2012,1,9,-63.08580498361948
Oatland Site,2014,Oyster Reef,2021,516.5578613,0.2641570977866649,7,7,2014,1,7,59.68329174094981
Jekyll Island Boat Ramp Site,2009,Oyster Reef,2021,575.5802612,0.7376273274421692,12,12,2009,1,12,91.0603005375317
Oyster Creek Site B,2013,Oyster Reef,2021,214.5751495,0.9029679623517123,8,8,2013,1,8,-60.010106741449476
Jointer Creek Oyster Reef A,2012,Oyster Reef,2021,365.9095764,0.8981127639611562,9,9,2012,1,9,46.99759266575279
Jointer Creek Oyster Reef B,2012,Oyster Reef,2021,370.2182312,0.8418021102746328,9,9,2012,1,9,42.27275020640138
Jointer Creek Oyster Reef C,2012,Oyster Reef,2021,368.1513062,0.9264811128377914,9,9,2012,1,9,37.28443018869899
Jointer Creek Oyster Reef D,2012,Oyster Reef,2021,603.8786011,0.15339432222147778,9,9,2012,1,9,134.4695962297036
Turtle A,2014,Oyster Reef,2021,1071.091309,0.33468930050730705,7,7,2014,1,7,227.90933507976376
Turtle B,2014,Oyster Reef,2021,468.616272,0.30862032125393546,7,7,2014,1,7,74.91775800544315
Turtle C,2014,Oyster Reef,2021,734.3453979,0.6515851454301314,7,7,2014,1,7,50.71432334255712
Turtle D,2014,Oyster Reef,2021,495.0789795,0.4586138228575389,7,7,2014,1,7,29.83987184657809
Turtle E,2014,Oyster Reef,2021,448.1598816,0.5397032424807549,7,7,2014,1,7,91.05086999313397
Bellville Boat Ramp Site,2008,Oyster Reef,2021,1083.768555,0.5342936217784882,13,13,2008,1,13,171.2243555458807
Plantation Creek Site,2010,Oyster Reef,2022,479.7319641,0.2331496526797612,12,12,2010,1,12,-93.54282439523456
Florida Passage Site,2012,Oyster Reef,2022,459.2259521,0.8502052277326584,10,10,2012,1,10,-98.60695764801108
Oatland Site,2014,Oyster Reef,2022,391.1610107,0.24364039426048592,8,8,2014,1,8,-68.81805776698656
Jekyll Island Boat Ramp Site,2009,Oyster Reef,2022,408.2917175,0.7719884266455969,13,13,2009,1,13,-79.17207889857565
Oyster Creek Site B,2013,Oyster Reef,2022,207.7016296,0.8400079210599264,9,9,2013,1,9,-68.63619482528316
Jointer Creek Oyster Reef A,2012,Oyster Reef,2022,254.1144867,0.8631832748651505,10,10,2012,1,10,-67.43447289473181
Jointer Creek Oyster Reef B,2012,Oyster Reef,2022,254.1342316,0.8183018068472544,10,10,2012,1,10,-76.53724601475605
Jointer Creek Oyster Reef C,2012,Oyster Reef,2022,257.8528748,0.9296960781017939,10,10,2012,1,10,-75.54008434582067
Jointer Creek Oyster Reef D,2012,Oyster Reef,2022,355.68927,0.20467993120352423,10,10,2012,1,10,-117.89952137003553
Turtle A,2014,Oyster Reef,2022,780.2716675,0.31955772886673606,8,8,2014,1,8,-68.42002281900136
Turtle B,2014,Oyster Reef,2022,464.666687,0.32675752292076743,8,8,2014,1,8,67.03303256523566
Turtle C,2014,Oyster Reef,2022,503.0803223,0.6666794046759605,8,8,2014,1,8,-184.13754364737628
Turtle D,2014,Oyster Reef,2022,365.7023926,0.4531981597344081,8,8,2014,1,8,-103.77583800765734
Turtle E,2014,Oyster Reef,2022,320.5797729,0.5013162866234779,8,8,2014,1,8,-39.97170585123018
Bellville Boat Ramp Site,2008,Oyster Reef,2022,818.3632813,0.5178192108869553,14,14,2008,1,14,-97.19400132720318
