,Latitude,Longitude,Site name,Installation_year,type,geometry,biomass_1984,biomass_1985,biomass_1986,biomass_1987,biomass_1988,biomass_1989,biomass_1990,biomass_1991,biomass_1992,biomass_1993,biomass_1994,biomass_1995,biomass_1996,biomass_1997,biomass_1998,biomass_1999,biomass_2000,biomass_2001,biomass_2002,biomass_2003,biomass_2004,biomass_2005,biomass_2006,biomass_2007,biomass_2008,biomass_2009,biomass_2010,biomass_2011,biomass_2012,biomass_2013,biomass_2014,biomass_2015,biomass_2016,biomass_2017,biomass_2018,biomass_2019,biomass_2020,biomass_2021,biomass_2022,biomass_2023
0,31.122967,-81.477183,Plantation Creek Site,2010,Oyster Reef,POINT (-81.477183 31.122967),415.5691833,596.6967163,424.1602478,444.7601013,454.6669006,633.7443237,417.8236389,1066.459595,605.1796875,428.6383362,653.0330811,724.0513306,651.4071655,440.2826233,480.384491,438.8674622,428.1877441,425.9655762,662.2423706,442.3424988,673.5912476,662.2679443,393.0657959,594.0621948,399.7562561,624.1729736,424.5984192,403.6470642,420.4058533,704.4359741,468.0441895,664.6762695,467.1913147,615.9052734,478.2547913,434.525177,714.1369019,823.7886353,479.7319641,464.3579102
1,31.83865,-81.15333333,Florida Passage Site,2012,Oyster Reef,POINT (-81.15333333 31.83865),546.7875977,628.0081177,713.2334595,566.3395386,714.5567627,735.7875366,455.015625,929.5487671,656.9455566,520.3607788,741.8510742,780.9871826,518.427002,661.0735474,522.4761963,508.8463745,461.3734436,472.497345,671.711792,523.4186401,583.7041016,550.5997925,377.6419067,693.0176392,445.998291,637.1309204,463.5106201,429.2822266,406.5592041,778.7485352,392.9144897,673.4588013,477.7077637,490.0226135,480.4110107,418.3325195,560.9403076,493.2762451,459.2259521,502.5925903
2,32.04801667,-81.01923333,Oatland Site,2014,Oyster Reef,POINT (-81.01923333 32.04801667),454.8489075,431.6841736,551.1766357,462.3597107,528.9411621,523.3167725,415.1896973,525.0217285,495.2327881,462.3419189,530.7637939,679.7028809,464.1482849,555.2220459,462.9474792,392.8549194,389.4212036,383.5690918,502.890625,405.3289795,532.8916626,472.1933594,342.5863953,584.1845703,378.2870178,496.5157471,399.4590454,376.1099243,370.4666443,465.1555481,409.9963379,560.0109253,399.9281006,434.6127319,431.4656372,378.2627563,505.9797058,516.5578613,391.1610107,401.9942627
3,31.9888,-81.02488333,Skidaway River Site,2010,Oyster Reef,POINT (-81.02488333 31.9888),,,,,,,,,,,,,,,,,,,,,,,,,,,,,,,,,,,,,,,,
4,31.32615,-81.32228333,Estuaries Area of the Altamaha River,2009,Oyster Reef,POINT (-81.32228333 31.32615),432.9542236,432.9542236,346.1081848,367.5295715,435.8265381,432.9542236,321.0168152,401.5853271,434.8094177,323.4813538,432.9542236,434.9885254,404.3118591,329.1496887,279.8864441,255.3087158,240.4312286,255.0311127,367.6387634,266.3982849,412.5493164,1853.736328,439.7187805,1817.114258,1805.048218,1949.942261,1817.402222,1762.354492,1374.31311,1972.831665,1785.122437,1951.63147,1691.542358,1945.601929,1816.893677,1365.065308,1973.96106,1929.251587,1754.852905,1458.545532
5,31.04165,-81.42301667,Jekyll Island Boat Ramp Site,2009,Oyster Reef,POINT (-81.42301667 31.04165),426.0000305,584.0574951,406.8314209,387.4683533,468.236969,562.72229,351.4916992,448.1933289,563.2223511,410.424408,608.8296509,590.7879639,597.656311,466.7285156,408.9023132,395.5336609,398.0437012,412.9073181,560.6226196,419.0458679,569.2075806,595.0631104,335.125,568.7260132,414.4759827,569.8777466,357.0115967,316.1078796,434.5355225,596.7495117,403.8865967,589.3510742,412.7666016,562.5775757,411.9580078,411.6583557,465.73526,575.5802612,408.2917175,419.0758362
6,32.00298333,-80.91781667,Oyster Creek Site A,2013,Oyster Reef,POINT (-80.91781667 32.00298333),262.6100769,438.0786133,411.7060242,294.4016113,382.8237,369.6588135,270.6307373,403.674408,402.0306091,,461.9894714,448.1650085,299.5976868,302.9890442,294.5885315,234.8994751,225.1530609,236.8954468,370.6873779,227.8152466,374.0804443,282.6158142,204.5809174,392.33078,271.4950256,401.6476135,235.6262207,223.3917999,235.9222412,360.3586731,270.3908386,375.3888245,244.5195923,265.2843933,250.3352509,254.6877441,255.0682983,267.6928101,293.2305603,261.7436523
7,32.00441667,-80.91488333,Oyster Creek Site B,2013,Oyster Reef,POINT (-80.91488333 32.00441667),239.0602264,372.6588135,358.2865906,291.5629578,369.7515564,366.1830444,257.2732239,338.1025085,344.1502075,292.5319824,400.8688049,412.3858948,279.9411316,272.3890686,239.4647675,212.1169434,227.1656189,231.8927917,373.2827759,211.455246,375.2473755,287.7948608,213.6856232,396.5411987,244.1049042,348.6974182,206.3730164,206.7933807,230.6772766,321.6247864,251.9254608,379.9523621,205.8884735,232.5729065,215.7311249,246.2842255,249.8311768,214.5751495,207.7016296,215.8574677
8,32.00795,-80.91168333,Oyster Creek Site C,2013,Oyster Reef,POINT (-80.91168333 32.00795),325.5896912,409.9820251,415.6010742,346.9356384,331.8312073,390.0256042,231.1397858,478.0657043,326.2043762,,398.8591309,497.0522766,299.8124695,293.7434998,299.3677979,237.4196777,222.291275,205.5621948,371.0335388,226.086731,340.4718323,295.5225525,438.5,367.3833313,228.3732147,313.9199524,252.6988525,218.7212677,198.520462,372.361908,256.26651,361.5921936,217.5948486,236.406189,253.39888,245.1197357,258.0311279,235.8165741,237.0695648,234.7774658
9,31.0808,-81.50021667,Jointer Creek Oyster Reef A,2012,Oyster Reef,POINT (-81.50021667 31.0808),280.4190674,399.076416,300.4926758,347.0911255,369.0821838,375.2559204,254.4259949,318.63797,365.8925171,272.1950684,392.7398682,541.1696777,394.4703979,245.7755127,299.4849548,281.5675659,252.5852356,271.8853149,364.6024475,280.0456543,393.5281982,382.5842285,232.1643066,366.4785767,301.6809692,379.0058289,231.8764191,244.4851074,267.1429749,370.8686829,246.6082153,368.6362305,251.0393372,361.8076172,229.932373,265.0360413,363.7105103,365.9095764,254.1144867,320.2521973
10,31.0796,-81.49396667,Jointer Creek Oyster Reef B,2012,Oyster Reef,POINT (-81.49396667 31.0796),289.9235229,397.9461975,302.6686707,360.0086365,337.5795898,381.6478271,303.1596069,355.5481873,382.3275452,279.6816406,420.8674316,466.9946594,406.9677734,265.8277893,292.0629578,253.3072052,252.8820953,284.1684875,378.2518616,281.6192932,414.2658386,424.9590149,233.8174438,392.810791,288.9185791,367.7493896,240.1895142,251.2270355,282.9951782,395.8354797,274.9676208,381.6926575,266.0434875,378.523407,241.8478241,267.323761,389.8141785,370.2182312,254.1342316,271.8627319
11,31.08058333,-81.49078333,Jointer Creek Oyster Reef C,2012,Oyster Reef,POINT (-81.49078333 31.08058333),324.1022034,431.1207581,335.5108948,355.1801758,337.8548584,380.1149902,311.3362732,359.9405212,371.3945313,327.8086548,396.4850464,472.362854,394.8773804,302.2702942,320.2076721,309.3886719,257.8430176,297.3435364,388.5468445,291.2483521,384.0309753,427.1500854,230.9115753,389.5459595,316.8959656,366.4970093,234.8457489,240.6745911,266.8931274,385.905426,262.3369141,375.5198364,249.6875305,361.9997559,234.1029358,269.4928589,398.0492249,368.1513062,257.8528748,271.0587769
12,31.0704,-81.47005,Jointer Creek Oyster Reef D,2012,Oyster Reef,POINT (-81.47005 31.0704),389.0090942,544.7050171,405.7972107,418.0065918,403.2803955,508.5788879,364.962738,490.3120728,513.3344727,382.901123,613.9782715,670.6929321,567.0904541,395.1279297,425.312561,362.7474976,345.322998,354.7943726,524.5615845,365.3628845,602.5748291,581.052002,273.3473816,493.5654297,369.8619995,609.472168,324.1885376,279.7740479,342.6600342,591.4782104,369.9145813,668.5827637,369.8861694,505.491394,675.9727783,384.3591614,470.1591187,603.8786011,355.68927,916.8062744
13,31.12626667,-81.47906667,Turtle A,2014,Oyster Reef,POINT (-81.47906667 31.12626667),673.8467407,974.2473755,729.6066284,701.8984375,736.5812988,883.0161133,668.6830444,1601.361938,948.0881348,756.7299805,971.6625977,1078.811646,948.2314453,660.7831421,720.5234985,722.7866821,721.479187,707.513916,913.157959,719.0997925,867.2958984,980.0535278,639.1640015,866.199707,650.7663574,950.5344849,703.9362183,632.7432251,617.8546143,937.8093262,717.7103882,1119.431152,761.6461792,872.3950195,800.1380005,691.642395,1124.234375,1071.091309,780.2716675,832.802063
14,31.1941,-81.53143333,Turtle B,2014,Oyster Reef,POINT (-81.53143333 31.1941),327.8730164,428.2303467,348.2794189,396.5918579,467.89328,453.4178772,338.1809998,427.9983215,429.8158264,331.2183533,500.6266479,544.8619385,358.4035339,362.3726807,341.6717224,343.1932983,307.2377625,327.6682434,444.8254395,303.3897095,494.5990601,487.1239319,265.8015747,433.1328125,279.6398621,394.9241028,295.9934998,271.880127,281.8912659,794.4990234,329.0338745,472.7538452,300.4415588,422.9364929,313.7560425,286.6958923,543.611084,468.616272,464.666687,351.8590393
15,31.19638333,-81.53795,Turtle C,2014,Oyster Reef,POINT (-81.53795 31.19638333),619.6674805,939.7070313,564.5061646,638.6967163,780.2213745,812.3896484,647.7753296,748.2758789,872.8349609,624.3972778,833.5874023,921.8445435,611.5787964,509.1484375,590.6845703,644.9019775,510.3275452,665.864563,884.1120605,616.4171753,813.9738159,845.3546753,500.9181213,934.1932983,503.4592285,772.7207642,569.4524536,501.2781067,694.0470581,728.4545898,507.7367859,809.9714966,500.2773438,790.8759155,519.5128174,620.6247559,946.9118042,734.3453979,503.0803223,615.1881714
16,31.18371667,-81.53013333,Turtle D,2014,Oyster Reef,POINT (-81.53013333 31.18371667),420.4493103,524.1133423,411.3666687,472.5120544,525.6679077,555.3731689,385.4191895,466.1382751,517.5519409,359.771637,600.2731934,599.9224243,467.8496094,399.4963379,441.5831604,382.8501282,363.1211853,407.6125793,543.2172852,417.4837952,566.6244507,545.0219727,318.2853088,541.3942261,376.9127197,487.7245178,361.9533386,318.3343811,364.918335,556.6364136,334.611969,565.7324219,359.7756042,400.5610657,912.2962036,328.4882507,654.536377,495.0789795,365.7023926,403.5598145
17,31.13126667,-81.46218333,Turtle E,2014,Oyster Reef,POINT (-81.46218333 31.13126667),354.0361938,451.9915466,328.8537292,373.3226929,320.4781799,445.8544006,313.2321777,355.9318542,427.8970032,316.6222839,472.7472229,550.3883057,461.0300903,325.7735291,326.3857422,278.3372498,283.0062256,290.0565796,455.2564392,308.8169556,438.2828064,425.3447266,248.3869171,413.2774353,279.5734863,376.1586304,267.1495056,245.3650665,263.259552,414.8366394,301.0341797,525.2228394,280.3937073,302.6229858,281.3186646,288.0226746,511.6781616,448.1598816,320.5797729,342.2541504
18,31.53118333,-81.35853333,Bellville Boat Ramp Site,2008,Oyster Reef,POINT (-81.35853333 31.53118333),832.5755615,1029.989502,823.9146729,810.8752441,1027.419189,1022.601196,813.3726807,1122.770752,1062.01355,802.2044678,1039.267334,1094.77124,1067.656006,788.6022949,788.4588013,776.350708,792.463501,774.5401611,1036.713257,784.8782959,1102.4021,1111.66626,774.9615479,1029.979248,776.7024536,787.3428955,793.0421143,776.4702759,759.2993774,1019.338745,779.644165,775.5496216,766.6734619,1013.814941,778.0835571,753.8428955,1094.224976,1083.768555,818.3632813,831.4080811
19,31.15156667,-81.47685,Overlook Park Site,2013,Oyster Reef,POINT (-81.47685 31.15156667),,,,,,,,,,,,,,,,,,,,,,,,,,,,,,,,,,,,,,,,
20,31.4343441,-81.2811768,"Ashantilly, Sapelo Island",2010,Living Shoreline,POINT (-81.2811768 31.4343441),725.9343872,695.1604004,805.097168,730.5615234,738.8961182,865.7674561,676.2086792,1070.871216,728.0358276,599.1798096,1057.696167,1131.980225,1815.339233,650.8922729,1893.052124,513.3768921,486.4361267,509.7230225,932.4971924,507.3549805,623.6126709,788.5474243,743.5429688,771.0900269,456.5435791,469.1116943,433.4476318,422.6020508,446.1686401,665.401001,516.9981689,841.7990112,442.5133362,439.4809875,437.7206116,426.3173523,518.5634155,454.4758301,425.1006165,571.1782837
21,31.4319577,-81.2826582,"Long Tabby, Sapelo Island",2010,Living Shoreline,POINT (-81.2826582 31.4319577),869.1032715,784.1447144,680.0169678,1002.779785,842.6432495,980.5327148,617.9835815,979.086731,846.7141724,648.2858887,851.2825317,1013.782959,968.1696777,669.0969849,1868.613892,683.0343628,607.5274048,575.3405762,898.7935181,693.5587769,768.7246704,992.6021118,556.7081299,968.1541138,571.203064,615.5371704,618.9069214,508.5931091,614.0189819,984.0991211,761.4660645,966.02948,570.4438477,1159.304199,661.3168335,669.8017578,927.4049683,565.2393188,1333.237549,1198.355103
22,31.2600958,-81.3018728,"Mosquito Creek, Little St. Simon's Island",2013,Living Shoreline,POINT (-81.3018728 31.2600958),589.7555542,705.8269653,510.1759949,607.8656616,661.0747681,716.2044678,538.3065186,715.8825684,684.9465942,620.8330078,692.880188,743.3237305,750.5003052,591.6845703,704.1500244,564.2023926,475.9241943,559.43927,700.0483398,673.3760986,703.5630493,723.5822754,517.3427124,682.18927,638.0620117,728.0751343,563.6399536,531.0446777,492.5195923,783.437439,604.1235352,780.5855103,597.3001709,487.2947083,600.0944824,531.215332,785.5368652,730.6990356,628.9180908,593.8700562
23,31.2602929,-81.3400528,"Cannon's Point Preserve, St. Simon's Island",2015,Living Shoreline,POINT (-81.3400528 31.2602929),938.5014648,983.1601563,795.1830444,841.8817749,993.4058838,1077.825562,815.3847046,1147.5979,978.7296143,951.1114502,1084.414917,1065.990967,1102.65918,955.6624756,959.0789185,942.3905029,834.6176147,793.7730103,943.8479614,947.3104858,1045.527588,1099.504028,915.6742554,968.0889893,800.6941528,978.2510376,931.8001099,898.3272705,909.7698364,1106.634888,950.3618164,1039.586182,928.0475464,931.9102173,966.0737305,969.0264893,1108.160034,1101.747681,972.5955811,974.0151367
24,31.9516058,-81.055935,"Skidaway Island State Park, Skidaway Island",2015,Living Shoreline,POINT (-81.055935 31.9516058),722.53479,707.0145874,934.8588257,718.645874,920.9981689,929.0787354,651.8978882,793.5664063,865.7306519,727.8766479,880.2366333,980.293396,734.3688354,727.2111206,793.7451172,701.6795044,672.8011475,662.6098022,873.5151978,649.1279907,934.65271,713.2651367,664.0343018,933.0443115,688.1620483,907.250061,687.9306641,670.6656494,601.9630737,901.0107422,680.7695923,941.9725952,695.7927856,598.6642456,619.5758057,574.4019775,698.8787842,660.0331421,697.4269409,709.1112061
25,32.007583,-80.8518889,"Burton 4-H, Tybee Island",2015,Living Shoreline,POINT (-80.8518889 32.007583),512.2756958,566.0874023,693.5631104,522.491333,692.0079346,776.7210693,544.9338379,754.168396,768.4841919,524.1104126,708.8007813,831.8936768,670.277832,580.5643311,587.1168823,585.144104,536.6309814,566.0091553,784.8760986,550.4591064,815.6889648,629.1307373,591.9980469,800.9782104,528.3098755,782.8575439,583.5740967,579.4509888,554.4577637,769.4941406,597.255249,873.31427,537.5371704,516.6801147,516.2209473,522.4012451,570.5321045,544.9946289,571.6323853,524.1087646
26,31.2495847,-81.2934479,"Beach Road Bridge, Little St. Simons Island",2017,Living Shoreline,POINT (-81.2934479 31.2495847),561.3168945,848.2733154,574.2115479,601.9286499,632.9071655,946.9421387,586.269043,1068.361938,803.4162598,725.5959473,936.7628174,1078.521362,1061.672119,643.7739258,1001.610779,957.0527344,775.5873413,918.1364136,991.5230103,633.8037109,855.5630493,1041.279663,772.1365356,932.6213989,800.2420654,753.1230469,759.1032715,559.1060181,620.5805664,995.7161255,746.9995728,965.9954224,581.8934937,624.1885376,681.1587524,663.015564,971.2190552,977.1671143,696.5666504,721.9234619
27,30.9502178,-81.4210473,Little Cumberland Island,2020,Living Shoreline,POINT (-81.4210473 30.9502178),896.7418823,1053.376709,883.3253174,872.8653564,890.5625,1062.445801,883.0092773,963.2632446,1073.745117,894.8636475,1106.896484,1173.733398,1078.239502,925.6254883,928.2235107,878.6520386,856.024292,900.345459,1052.535645,903.7426758,1050.265259,1065.889648,894.2446289,1039.134277,849.6773682,890.5592041,879.7421875,848.4228516,889.9519653,1053.633179,881.9676514,1044.13269,865.9959717,1020.771362,865.7134399,879.585022,868.3805542,1038.432861,864.3842163,854.7946777
28,31.0534927,-81.4145619,"Fortson Pond, Jekyll Island",2021,Living Shoreline,POINT (-81.4145619 31.0534927),986.8789673,1053.10437,971.9763794,998.4299927,1126.533569,1086.33728,1064.471924,1094.838989,1040.674927,1063.338989,1092.981201,1132.3125,1127.656128,1095.161377,1073.554565,1061.802246,962.4395752,1075.275391,877.1575317,899.0348511,1062.207764,1129.351196,957.6106567,1116.030396,1068.098755,1120.837891,1047.402344,853.9577026,1092.152222,1128.632935,1058.848022,1126.922119,1066.402466,1086.390259,974.6970825,957.5015259,1091.748291,1083.312134,1064.949463,985.6619263
29,31.1235759,-81.4773196,"DNR's Coastal Regional Headquarters, Brunswick",2023,Living Shoreline,POINT (-81.4773196 31.1235759),399.1335449,578.7785645,407.5042114,437.6505737,441.2162476,605.4454956,405.7047424,1691.770874,596.5371094,412.7859192,664.7772827,948.8707275,743.5020752,680.75,564.9777222,658.920105,524.7938232,652.3751221,831.8030396,510.7029724,761.8272095,944.1233521,563.1067505,623.0283813,515.5386963,917.7098389,452.8339233,452.5549011,440.8803101,961.6467896,806.2821045,947.4556885,760.2116089,791.2080078,631.1768799,629.9301758,830.8895874,1100.889404,717.4735107,689.1253052
30,31.0877631,-81.4335094,Jekyll TLP,2019,Thin Layer Placement,POINT (-81.4335094 31.0877631),245.474884,395.1848145,256.055542,312.6171265,295.3817749,388.5740967,252.420105,281.336792,363.8000793,245.1884003,386.8890381,388.5410461,429.3358459,273.1550598,284.94104,218.8678741,244.0318756,243.7498169,370.9868774,264.8165283,365.5878601,360.3208313,226.7026825,359.9917908,303.8528748,402.8745422,224.0890656,225.3811798,277.6364441,593.3797607,222.5327148,369.7972107,226.5363464,372.1429749,233.6204681,249.7757416,367.0701904,365.6795654,248.8754578,261.0826721
