Latitude,Longitude,Site name,year,type,Clone_Latitude,Clone_Longitude,originalLatitude,originalLongitude,biomass_1984,biomass_1985,biomass_1986,biomass_1987,biomass_1988,biomass_1989,biomass_1990,biomass_1991,biomass_1992,biomass_1993,biomass_1994,biomass_1995,biomass_1996,biomass_1997,biomass_1998,biomass_1999,biomass_2000,biomass_2001,biomass_2002,biomass_2003,biomass_2004,biomass_2005,biomass_2006,biomass_2007,biomass_2008,biomass_2009,biomass_2010,biomass_2011,biomass_2012,biomass_2013,biomass_2014,biomass_2015,biomass_2016,biomass_2017,biomass_2018,biomass_2019,biomass_2020,biomass_2021,biomass_2022,biomass_2023
31.1233141,-81.4715709,Plantation Creek Site,2010,Oyster Reef,31.1233141,-81.4715709,31.122967,-81.477183,456.9129333496094,582.3322143554688,459.2209167480469,627.5506591796875,439.4504089355469,627.4403686523438,497.6397705078125,939.101318359375,579.1672973632812,469.9463195800781,782.3901977539062,1198.9921875,683.2449340820312,445.3553771972656,819.9566040039062,421.3468017578125,449.9368896484375,441.5674133300781,708.01708984375,492.5849914550781,643.77880859375,707.722900390625,385.7620849609375,598.8935546875,450.9622802734375,674.1638793945312,481.6674499511719,401.423828125,397.3526916503906,1224.029296875,539.5855102539062,940.2232055664062,684.633544921875,528.2306518554688,664.7674560546875,427.7290954589844,1088.8553466796875,688.4616088867188,434.9375305175781,432.8731994628906
31.8407068,-81.1488366,Florida Passage Site,2012,Oyster Reef,31.8407068,-81.1488366,31.83865,-81.15333333,384.7052001953125,439.0877990722656,531.3275756835938,430.6602478027344,547.246826171875,609.4691162109375,354.9736328125,467.71435546875,531.7611694335938,378.2363586425781,517.1969604492188,618.7554931640625,399.8424377441406,521.5266723632812,400.60009765625,360.5997009277344,332.8382568359375,343.9255676269531,561.1926879882812,449.81878662109375,515.0856323242188,384.9776306152344,348.1090393066406,557.6571655273438,345.8243713378906,539.5302734375,350.9353332519531,330.11993408203125,340.97955322265625,634.1137084960938,340.51300048828125,528.330078125,370.5348815917969,408.1017761230469,380.0730285644531,346.7296447753906,411.3668518066406,386.83270263671875,378.10198974609375,418.6571960449219
32.045078,-81.0236781,Oatland Site,2014,Oyster Reef,32.045078,-81.0236781,32.04801667,-81.01923333,492.47271728515625,458.89642333984375,682.2963256835938,463.9772033691406,647.6583251953125,664.8573608398438,449.0216979980469,510.88671875,590.9013671875,467.2301330566406,637.8955078125,762.2539672851562,488.74371337890625,673.4334716796875,493.6009216308594,399.4048767089844,400.0212097167969,394.7442321777344,662.8732299804688,466.7751770019531,711.1902465820312,465.84375,391.8491516113281,697.7387084960938,400.41546630859375,583.33349609375,423.2379455566406,409.49896240234375,412.1565246582031,450.5066223144531,424.2332458496094,692.6756591796875,432.84869384765625,441.9606018066406,409.43170166015625,397.5841369628906,569.9800415039062,668.7928466796875,407.7472229003906,433.80072021484375
31.328354,-81.3164691,Estuaries Area of the Altamaha River,2009,Oyster Reef,31.328354,-81.3164691,31.32615,-81.32228333,870.9296264648438,856.00537109375,665.0452270507812,725.1016235351562,794.0740356445312,854.8416137695312,649.9944458007812,878.6473999023438,839.4763793945312,678.4141845703125,848.919921875,959.74267578125,909.1707153320312,687.4013671875,687.8666381835938,667.040283203125,636.9649658203125,667.5322265625,847.524658203125,683.76611328125,852.5291137695312,891.8822631835938,631.96923828125,845.2299194335938,654.8676147460938,680.90087890625,663.4684448242188,649.0942993164062,628.6316528320312,861.650390625,673.2139892578125,852.1126098632812,663.451416015625,688.2861938476562,676.0285034179688,670.8438110351562,872.4381713867188,875.3517456054688,684.0411987304688,901.0383911132812
31.0445787,-81.42301667,Jekyll Island Boat Ramp Site,2009,Oyster Reef,31.0445787,-81.42301667,31.04165,-81.42301667,,,,,,,,,,,,,,,,,,,,,,,,,,,,,,,,,,,,,,,,
32.0016072,-80.91907738,Oyster Creek Site B,2013,Oyster Reef,32.0016072,-80.91907738,32.00441667,-80.91488333,315.1685791015625,438.4095764160156,416.3684387207031,321.1466064453125,410.2870178222656,402.3669738769531,307.7782287597656,410.7338562011719,393.9715881347656,,436.7462158203125,423.6045837402344,330.8872985839844,306.09967041015625,296.93182373046875,241.00950622558594,271.4205322265625,264.8294677734375,372.521728515625,241.7538604736328,370.0668029785156,279.68157958984375,243.0125732421875,387.5591735839844,278.439208984375,380.1736145019531,465.3066711425781,236.4070281982422,235.23663330078125,372.3951110839844,277.88848876953125,377.7567443847656,245.4346923828125,260.9354553222656,244.7410125732422,244.58856201171875,256.4219665527344,258.5717468261719,257.05694580078125,253.89833068847656
31.0810986,-81.505374,Jointer Creek Oyster Reef A,2012,Oyster Reef,31.0810986,-81.505374,31.0808,-81.50021667,333.6377868652344,458.767822265625,339.5570983886719,391.3448486328125,477.1455383300781,447.8255310058594,347.5044860839844,408.3316955566406,447.1330871582031,334.7605285644531,506.8988037109375,523.8198852539062,462.4563903808594,319.824951171875,417.9869689941406,360.2868347167969,311.1977844238281,334.5310363769531,446.6236572265625,358.07275390625,493.9834289550781,476.9706115722656,281.2197570800781,444.391357421875,344.1273498535156,448.6572265625,306.6790771484375,280.3558349609375,305.8672180175781,502.7242736816406,328.81622314453125,439.61865234375,334.5187683105469,431.2049255371094,325.5881042480469,327.69635009765625,475.8245544433594,532.2067260742188,331.1963195800781,342.5062255859375
31.074919,-81.4948227,Jointer Creek Oyster Reef B,2012,Oyster Reef,31.074919,-81.4948227,31.0796,-81.49396667,295.7595520019531,405.204833984375,311.68914794921875,341.3313293457031,352.3471374511719,386.68511962890625,264.68255615234375,351.364990234375,382.21905517578125,285.422119140625,456.0091857910156,499.6935119628906,414.1614074707031,294.87835693359375,343.0399169921875,277.3698425292969,265.4996032714844,270.7294921875,368.737060546875,311.34808349609375,487.35723876953125,459.91729736328125,253.29006958007812,378.31134033203125,275.8537292480469,384.0343322753906,264.7384033203125,252.13339233398438,279.3477783203125,483.16827392578125,337.5537414550781,464.7817687988281,296.9964599609375,399.55548095703125,323.399169921875,297.1266784667969,436.4456787109375,493.9851989746094,336.6461486816406,336.65570068359375
31.0842164,-81.4877598,Jointer Creek Oyster Reef C,2012,Oyster Reef,31.0842164,-81.4877598,31.08058333,-81.49078333,332.2904968261719,470.3941955566406,352.90386962890625,392.4644470214844,376.5196838378906,434.4873046875,355.1692199707031,487.5542907714844,435.83453369140625,338.7065124511719,510.7290954589844,629.0390014648438,511.17327880859375,305.7479553222656,418.2499694824219,330.1766052246094,309.2322082519531,306.2511291503906,446.49517822265625,327.76959228515625,449.655029296875,478.8705749511719,272.3495788574219,454.2783508300781,327.2688903808594,472.1549987792969,280.02301025390625,266.7197570800781,320.50177001953125,524.654296875,499.9150390625,490.23919677734375,336.2903747558594,435.65264892578125,322.5005798339844,311.71441650390625,479.47552490234375,478.234130859375,326.2763671875,354.6836853027344
31.0700389,-81.4648295,Jointer Creek Oyster Reef D,2012,Oyster Reef,31.0700389,-81.4648295,31.0704,-81.47005,271.53521728515625,476.9847106933594,336.91552734375,332.1798400878906,322.0861511230469,417.7478942871094,259.5967102050781,372.6422119140625,419.6388854980469,310.532958984375,461.1374816894531,555.90185546875,492.42132568359375,326.8034973144531,330.64227294921875,313.8594970703125,273.0680236816406,301.0859375,439.7542724609375,342.412841796875,513.7500610351562,491.1622619628906,237.650390625,438.0391540527344,311.0946350097656,548.476806640625,254.54739379882812,235.46917724609375,313.4317626953125,534.3136596679688,304.8115234375,540.8480224609375,315.1826477050781,416.5677185058594,342.4115905761719,335.8271484375,432.9657287597656,493.2984619140625,301.3660583496094,331.6505126953125
31.1303401,-81.4773797,Turtle A,2014,Oyster Reef,31.1303401,-81.4773797,31.12626667,-81.47906667,602.4888916015625,875.0713500976562,679.101806640625,675.6395874023438,694.2445678710938,876.9725952148438,614.4976196289062,710.9719848632812,880.475830078125,,879.0431518554688,937.3735961914062,874.7946166992188,604.952392578125,698.8428344726562,630.0531616210938,582.2122802734375,593.388671875,848.9758911132812,623.6248168945312,868.1061401367188,913.152587890625,524.5935668945312,846.4841918945312,619.7069702148438,845.7156372070312,594.6876220703125,491.5263671875,620.1103515625,912.4365844726562,714.57080078125,954.1249389648438,655.0162353515625,745.264892578125,668.2117309570312,599.7730102539062,1054.5679931640625,914.1294555664062,618.6692504882812,564.8125610351562
31.1905,-81.525112,Turtle B,2014,Oyster Reef,31.1905,-81.525112,31.1941,-81.53143333,468.3484191894531,632.516845703125,469.9434814453125,547.83056640625,630.6832275390625,650.1917114257812,456.931640625,1122.713134765625,603.6691284179688,444.3559265136719,683.2881469726562,760.59375,506.8182067871094,467.3289489746094,502.9173889160156,451.8995056152344,433.8111572265625,383.0841064453125,666.7532348632812,436.2606201171875,676.50146484375,684.2318725585938,367.4526062011719,587.724365234375,413.7866516113281,606.2725219726562,422.0921325683594,350.1010437011719,381.8619384765625,688.0968627929688,1684.263671875,1191.18310546875,451.78173828125,532.2747192382812,483.2185363769531,397.0873718261719,1275.7093505859375,612.897216796875,452.6925354003906,467.8780212402344
31.1971699,-81.5431356,Turtle C,2014,Oyster Reef,31.1971699,-81.5431356,31.19638333,-81.53795,358.3782653808594,548.2075805664062,389.9557800292969,475.9460144042969,557.9080200195312,1054.2257080078125,417.54541015625,1035.6876220703125,531.7617797851562,374.2848205566406,547.1973876953125,637.3236083984375,422.1888122558594,382.4378356933594,383.0654296875,370.1028137207031,361.5610656738281,355.5887451171875,522.7228393554688,342.0591125488281,570.2885131835938,574.2196655273438,289.5492858886719,589.5635375976562,308.7373962402344,560.6094970703125,381.1165771484375,303.3772277832031,354.7746887207031,547.5116577148438,960.1293334960938,610.4402465820312,359.93115234375,511.1503601074219,361.6706848144531,344.7893981933594,687.555908203125,545.5752563476562,379.1044921875,1691.9769287109375
31.1861573,-81.5346415,Turtle D,2014,Oyster Reef,31.1861573,-81.5346415,31.18371667,-81.53013333,447.1817321777344,612.4987182617188,487.18603515625,515.84326171875,671.5767822265625,708.3677978515625,463.2831726074219,865.67236328125,615.1786499023438,413.06024169921875,698.3746948242188,727.8465576171875,465.3994140625,443.3793640136719,483.0616760253906,495.7683410644531,432.29376220703125,451.24249267578125,679.51171875,404.66009521484375,679.987060546875,690.1646118164062,388.5682067871094,677.23828125,426.8519287109375,630.7337646484375,440.44384765625,369.34161376953125,472.5078125,679.4296875,422.261962890625,674.9679565429688,462.00390625,439.3464660644531,460.5447082519531,383.1807556152344,855.2742919921875,642.0670776367188,468.4250793457031,516.7522583007812
31.13463,-81.4584862,Turtle E,2014,Oyster Reef,31.13463,-81.4584862,31.13126667,-81.46218333,450.6049499511719,635.6558227539062,433.4244384765625,423.69061279296875,392.1099853515625,653.2802734375,449.9843444824219,532.4771728515625,654.3527221679688,457.9908447265625,717.206787109375,781.6610107421875,695.5973510742188,479.5940246582031,488.30169677734375,397.91156005859375,366.7861633300781,398.69586181640625,650.0301513671875,407.7898254394531,691.2899169921875,676.3582153320312,358.90069580078125,603.5451049804688,376.1036376953125,617.7864379882812,439.8019714355469,340.7597961425781,391.99920654296875,597.5859985351562,444.185791015625,714.7581176757812,464.8920593261719,398.71331787109375,421.80322265625,497.0286865234375,792.5933837890625,685.7911987304688,424.40283203125,405.7239990234375
31.5298245,-81.3534367,Bellville Boat Ramp Site,2008,Oyster Reef,31.5298245,-81.3534367,31.53118333,-81.35853333,353.2983703613281,385.5525817871094,329.2085266113281,405.2012023925781,421.1376953125,400.0502624511719,322.6956787109375,519.6492309570312,410.601318359375,334.7618713378906,485.2732849121094,535.6969604492188,420.7123718261719,377.2812805175781,375.4153137207031,316.65234375,311.6979675292969,273.8609313964844,376.3602600097656,315.2237243652344,399.5919189453125,440.4976501464844,269.7366638183594,432.6875915527344,252.00660705566406,343.7775573730469,302.29010009765625,268.0666809082031,265.2229919433594,423.3495788574219,425.8409118652344,319.629150390625,259.8847351074219,381.8500671386719,282.7560119628906,259.1713562011719,396.6795349121094,410.942138671875,265.4460144042969,279.0963134765625
